J.D. Martinez,BOS,"OF,U",44,0.377,106,121,4,656,6184
Mookie Betts,BOS,"OF,U",32,0.386,112,102,26,685,13611
Nolan Arenado,COL,"3B,CI,U",39,0.363,96,111,3,654,9777
Bryce Harper,PHI,"OF,U",35,0.394,93,95,10,627,11579
Aaron Judge,NYY,"OF,U",39,0.378,103,99,7,648,15640
Freddie Freeman,ATL,"1B,CI,U",28,0.388,95,97,9,663,5361
Juan Soto,WAS,"OF,U",29,0.39,94,96,7,645,20123
Joey Votto,CIN,"1B,CI,U",22,0.412,92,82,4,658,4314
Christian Yelich,MIL,"OF,U",28,0.38,98,86,13,653,11477
Paul Goldschmidt,STL,"1B,CI,U",32,0.387,98,92,13,662,9218
Anthony Rizzo,CHC,"1B,CI,U",29,0.384,93,93,8,659,3473
Giancarlo Stanton,NYY,"OF,U",42,0.354,93,102,3,612,4949
Kris Bryant,CHC,"3B,CI,OF,U",31,0.373,94,93,7,659,15429
Justin Turner,LAD,"3B,CI,U",24,0.38,89,87,4,654,5235
Charlie Blackmon,COL,"OF,U",27,0.363,94,87,13,633,7859
Anthony Rendon,WAS,"3B,CI,U",27,0.369,89,96,6,652,12861
Josh Donaldson,ATL,"3B,CI,U",29,0.366,82,82,5,565,5038
Matt Carpenter,STL,"1B,2B,3B,CI,MI,U",29,0.374,87,86,4,627,8090
Manny Machado,SDP,"3B,SS,CI,MI,U",34,0.35,86,98,8,641,11493
Daniel Murphy,COL,"1B,2B,CI,MI,U",22,0.357,82,89,4,619,4316
Rhys Hoskins,PHI,"1B,CI,OF,U",37,0.348,90,101,5,656,16472
Trevor Story,COL,"SS,MI,U",35,0.334,97,99,18,647,12564
Eugenio Suarez,CIN,"3B,CI,U",34,0.349,88,97,4,637,12552
Andrew McCutchen,PHI,"OF,U",27,0.364,83,80,11,599,9847
Vladimir Guerrero Jr.,TOR,"3B,CI,U",20,0.366,76,72,6,581,sa920245
Corey Seager,LAD,"SS,MI,U",24,0.357,85,87,3,647,13624
Andrew Benintendi,BOS,"OF,U",18,0.367,94,79,18,649,17901
Yasiel Puig,CIN,"OF,U",31,0.34,87,87,12,601,14225
Ronald Acuna Jr.,ATL,"OF,U",31,0.341,97,89,23,656,18401
Jung Ho Kang,PIT,"3B,CI,U",9,0.345,24,27,2,184,17182
Xander Bogaerts,BOS,"SS,MI,U",23,0.355,90,87,9,649,12161
Travis Shaw,MIL,"1B,2B,3B,CI,MI,U",34,0.341,85,92,5,639,11982
Max Muncy,LAD,"1B,2B,3B,CI,MI,U",29,0.351,78,82,4,570,13301
Marcell Ozuna,STL,"OF,U",29,0.341,83,89,2,634,10324
Cody Bellinger,LAD,"1B,CI,OF,U",33,0.341,89,93,10,639,15998
Michael Conforto,NYM,"OF,U",31,0.35,84,89,4,652,16376
Joc Pederson,LAD,"OF,U",21,0.345,57,57,5,410,11899
Gary Sanchez,NYY,"C,U",32,0.331,77,82,3,553,11442
Steve Pearce,BOS,"1B,CI,OF,U",14,0.347,47,48,2,346,9957
Kyle Schwarber,CHC,"OF,U",31,0.347,79,86,4,581,16478
Jesus Aguilar,MIL,"1B,CI,U",36,0.329,83,96,1,632,11342
Aaron Hicks,NYY,"OF,U",26,0.355,89,77,10,634,5297
Tommy Pham,TB,"OF,U",22,0.355,79,68,17,574,2967
David Peralta,ARI,"OF,U",23,0.343,82,81,5,632,2136
Mike Moustakas,MIL,"3B,CI,U",34,0.324,78,91,3,611,4892
Matt Adams,WAS,"1B,CI,OF,U",14,0.323,32,41,1,248,9393
A.J. Pollock,LAD,"OF,U",26,0.334,85,81,17,604,9256
Brandon Belt,SF,"1B,CI,OF,U",21,0.354,78,76,4,624,10264
Justin Smoak,TOR,"1B,CI,U",30,0.341,81,81,2,629,9054
Didi Gregorius,NYY,"SS,MI,U",13,0.332,39,39,4,296,6012
Yoenis Cespedes,NYM,"OF,U",5,0.321,11,12,1,84,13110
J.T. Realmuto,PHI,"C,1B,CI,U",23,0.33,71,75,6,548,11739
Ryan Braun,MIL,"1B,CI,OF,U",23,0.335,77,72,14,561,3410
Scooter Gennett,CIN,"2B,MI,U",26,0.33,81,86,5,622,10339
Robinson Cano,NYM,"2B,MI,U",23,0.341,73,82,1,625,3269
Victor Robles,WAS,"OF,U",17,0.348,84,68,25,610,18363
Jesse Winker,CIN,"OF,U",16,0.362,70,66,3,566,13590
Lorenzo Cain,MIL,"OF,U",14,0.361,84,64,21,632,9077
Eric Thames,MIL,"1B,CI,OF,U",12,0.331,31,32,3,232,3711
Buster Posey,SF,"C,1B,CI,U",11,0.366,63,62,4,542,9166
Rafael Devers,BOS,"3B,CI,U",24,0.328,76,81,6,565,17350
Javier Baez,CHC,"2B,3B,SS,CI,MI,U",33,0.315,89,95,15,645,12979
Yasmani Grandal,MIL,"C,U",24,0.336,63,63,2,481,11368
Gleyber Torres,NYY,"2B,SS,MI,U",26,0.335,86,80,10,634,16997
David Dahl,COL,"OF,U",25,0.322,82,81,11,598,13744
Ryan Zimmerman,WAS,"1B,CI,U",24,0.328,70,79,2,547,4220
Adam Eaton,WAS,"OF,U",11,0.365,82,61,11,624,11205
Wil Myers,SDP,"3B,CI,OF,U",24,0.334,78,71,17,571,10047
Chris Iannetta,COL,"C,U",12,0.347,41,40,1,321,8267
Starling Marte,PIT,"OF,U",21,0.338,90,74,38,641,9241
Brian Dozier,WAS,"2B,MI,U",26,0.33,76,80,10,567,9810
Matt Kemp,CIN,"OF,U",7,0.32,19,23,0,156,5631
Jose Martinez,STL,"1B,CI,OF,U",14,0.346,58,56,3,469,7996
Eric Hosmer,SDP,"1B,CI,U",21,0.349,80,77,7,648,3516
Greg Bird,NYY,"1B,CI,U",8,0.332,24,25,0,183,14131
Josh Bell,PIT,"1B,CI,U",19,0.35,75,75,5,613,13145
Miguel Andujar,NYY,"3B,CI,U",25,0.321,79,83,4,612,15878
Luke Voit,NYY,"1B,CI,U",21,0.333,65,66,1,500,14811
Trea Turner,WAS,"SS,MI,U",19,0.342,93,74,36,652,16252
Corey Dickerson,PIT,"OF,U",21,0.324,72,82,6,592,10762
Jake Lamb,ARI,"3B,CI,U",23,0.339,74,75,6,591,13329
Hunter Renfroe,SDP,"OF,U",18,0.306,40,48,2,318,15464
Ozzie Albies,ATL,"2B,MI,U",21,0.329,86,81,16,656,16556
Wilmer Flores,ARI,"1B,2B,3B,CI,MI,U",21,0.326,69,80,2,600,5827
Francisco Cervelli,PIT,"C,U",12,0.356,57,49,5,460,5275
Kurt Suzuki,WAS,"C,U",11,0.329,37,43,1,311,8259
Derek Dietrich,CIN,"1B,CI,OF,U",5,0.335,16,16,0,129,10542
Gregory Polanco,PIT,"OF,U",15,0.329,48,51,7,383,12907
Avisail Garcia,TB,"OF,U",11,0.328,34,37,2,277,5760
Brandon Nimmo,NYM,"OF,U",18,0.352,75,59,7,604,12927
Troy Tulowitzki,NYY,"SS,MI,U",13,0.327,40,41,1,317,3531
Tyler Flowers,ATL,"C,U",13,0.337,45,46,1,370,9134
Scott Schebler,CIN,"OF,U",16,0.321,48,49,4,365,12225
Steven Souza Jr.,ARI,"OF,U",21,0.333,71,65,10,556,5667
Odubel Herrera,PHI,"OF,U",15,0.331,57,55,7,458,11476
Willson Contreras,CHC,"C,U",15,0.338,62,55,5,486,11609
DJ LeMahieu,NYY,"2B,MI,U",12,0.349,74,58,9,570,9874
Daniel Descalso,CHC,"1B,2B,3B,CI,MI,U",9,0.343,33,30,1,266,8392
Luis Urias,SDP,"2B,MI,U",10,0.353,66,51,7,551,16622
Jed Lowrie,NYM,"2B,3B,CI,MI,U",19,0.337,66,69,1,593,4418
Tyler O'Neill,STL,"OF,U",5,0.307,13,15,1,101,15711
Enrique Hernandez,LAD,"2B,SS,MI,OF,U",17,0.325,51,53,2,414,10472
Mitch Moreland,BOS,"1B,CI,U",13,0.329,45,46,1,353,3086
Randal Grichuk,TOR,"OF,U",29,0.296,70,75,5,533,10243
Ben Zobrist,CHC,"2B,MI,OF,U",9,0.346,51,45,3,423,7435
Howie Kendrick,WAS,"2B,MI,OF,U",4,0.336,21,20,3,168,4229
Franmil Reyes,SDP,"OF,U",25,0.317,67,76,1,557,14566
Ji-Man Choi,TB,U,15,0.333,49,50,3,415,5452
Yadier Molina,STL,"C,U",16,0.324,60,61,6,498,7007
Trey Mancini,BAL,"1B,CI,OF,U",23,0.319,69,72,1,601,15149
Austin Meadows,TB,"OF,U",18,0.32,66,66,14,539,15672
Logan Morrison,FA,"1B,CI,U",22,0.325,59,64,2,490,9205
Paul DeJong,STL,"SS,MI,U",27,0.308,73,83,2,606,18015
Jeff McNeil,NYM,"2B,MI,U",7,0.334,35,32,5,304,15362
Eduardo Escobar,ARI,"3B,SS,CI,MI,U",21,0.319,72,78,5,618,6153
Daniel Robertson,TB,"2B,3B,SS,CI,MI,U",10,0.343,43,40,3,373,14145
Dustin Pedroia,BOS,"2B,MI,U",10,0.348,68,61,4,558,8370
Matt Holliday,FA,"OF,U",7,0.333,25,24,1,210,1873
Adam Frazier,PIT,"2B,MI,OF,U",11,0.342,72,62,11,607,15223
Ian Desmond,COL,"1B,CI,OF,U",17,0.324,70,60,16,522,6885
Chris Taylor,LAD,"2B,SS,MI,OF,U",17,0.327,74,63,11,575,13757
Maikel Franco,PHI,"3B,CI,U",27,0.308,68,84,2,594,12179
Ian Happ,CHC,"3B,CI,OF,U",19,0.326,58,57,7,453,17919
Nick Markakis,ATL,"OF,U",11,0.351,70,68,1,635,5930
Kendrys Morales,TOR,"1B,CI,U",26,0.317,73,77,3,615,8610
Dexter Fowler,STL,"OF,U",10,0.339,45,37,5,356,4062
Jedd Gyorko,STL,"2B,3B,CI,MI,U",10,0.322,31,32,2,258,10816
Nathaniel Lowe,TB,"1B,CI,U",10,0.329,35,38,1,311,sa918283
David Freese,LAD,"1B,3B,CI,U",6,0.335,26,25,1,220,9549
Jackie Bradley Jr.,BOS,"OF,U",20,0.325,84,76,11,635,12984
Wilson Ramos,NYM,"C,U",15,0.315,43,49,1,381,1433
Clint Frazier,NYY,"OF,U",3,0.317,11,10,1,84,15983
Evan Gattis,FA,U,17,0.302,42,48,1,350,11003
Cesar Hernandez,PHI,"2B,MI,U",12,0.349,81,57,15,648,10556
Johan Camargo,ATL,"3B,SS,CI,MI,U",13,0.319,47,49,2,401,14950
Ketel Marte,ARI,"2B,SS,MI,U",13,0.332,73,66,8,632,13613
Jean Segura,PHI,"SS,MI,U",14,0.328,80,68,23,641,5933
Evan Longoria,SF,"3B,CI,U",20,0.313,70,78,3,624,9368
Adam Jones,FA,"OF,U",20,0.314,71,77,3,630,6368
Danny Jansen,TOR,"C,U",13,0.326,51,46,4,438,16535
Russell Martin,LAD,"C,3B,CI,U",7,0.338,28,24,2,227,4616
Alex Verdugo,LAD,"OF,U",8,0.33,41,39,3,350,17027
Nick Senzel,CIN,"3B,CI,U",14,0.318,57,55,9,461,sa873264
Brett Gardner,NYY,"OF,U",7,0.34,51,34,10,387,9927
Curtis Granderson,MIA,"OF,U",18,0.324,57,54,3,506,4747
Todd Frazier,NYM,"3B,CI,U",13,0.312,34,35,4,288,785
Denard Span,FA,"OF,U",7,0.333,42,33,6,350,8347
Mark Trumbo,BAL,"OF,U",27,0.302,64,73,1,574,6876
Brandon Lowe,TB,"2B,MI,U",8,0.317,28,29,3,242,18882
Billy McKinney,TOR,"OF,U",14,0.312,49,46,3,410,15654
Rowdy Tellez,TOR,"1B,CI,U",1,0.314,2,2,0,21,15679
Ian Kinsler,SDP,"2B,MI,U",15,0.315,61,57,10,516,6195
Matt Duffy,TB,"3B,CI,U",4,0.341,39,32,8,346,13836
Nick Williams,PHI,"OF,U",4,0.306,14,14,1,116,14330
Ryan McMahon,COL,"1B,2B,3B,CI,MI,U",16,0.315,70,68,6,586,15112
Teoscar Hernandez,TOR,"OF,U",17,0.301,52,48,8,410,13066
Colin Moran,PIT,"1B,3B,CI,U",14,0.324,54,60,2,503,16909
Jose Peraza,CIN,"SS,MI,U",12,0.322,77,63,24,615,13593
Francisco Mejia,SDP,"C,U",10,0.312,37,39,2,335,16403
Garrett Hampson,COL,"2B,SS,MI,U",4,0.331,33,24,9,264,19262
Jose Bautista,FA,"3B,CI,OF,U",12,0.329,42,37,4,350,1887
Ender Inciarte,ATL,"OF,U",10,0.333,80,62,21,649,4922
Jason Heyward,CHC,"OF,U",10,0.332,61,53,4,532,4940
Brad Miller,LAD,"1B,2B,SS,CI,MI,U",2,0.314,8,7,1,64,12775
Yandy Diaz,TB,"3B,CI,U",5,0.351,48,38,3,443,16578
Brian Anderson,MIA,"3B,CI,OF,U",15,0.326,66,60,3,627,18289
Alex Avila,ARI,"C,U",12,0.335,44,39,1,380,7476
Brock Holt,BOS,"2B,SS,MI,OF,U",4,0.336,32,24,5,254,9345
Devon Travis,TOR,"2B,MI,U",9,0.308,40,37,4,342,13862
Carlos Gonzalez,FA,"OF,U",20,0.314,71,74,4,630,7287
Kolten Wong,STL,"2B,MI,U",11,0.329,58,48,9,493,12532
Brandon Crawford,SF,"SS,MI,U",17,0.319,68,73,5,631,5343
Kevin Kiermaier,TB,"OF,U",17,0.313,75,62,19,602,11038
Albert Almora Jr.,CHC,"OF,U",9,0.316,54,51,4,476,14109
Starlin Castro,MIA,"2B,MI,U",16,0.316,64,65,4,620,4579
Lonnie Chisenhall,PIT,"OF,U",9,0.313,35,36,3,318,7571
Jose Osuna,PIT,"1B,3B,CI,OF,U",3,0.305,11,12,1,99,12937
Joe Panik,SF,"2B,MI,U",8,0.329,59,54,5,555,11936
Raimel Tapia,COL,"OF,U",5,0.315,33,28,7,271,14350
Manuel Margot,SDP,"OF,U",11,0.312,59,49,14,487,14712
Mike Tauchman,COL,"OF,U",2,0.32,12,10,2,99,15274
Eduardo Nunez,BOS,"2B,3B,CI,MI,U",4,0.31,24,20,6,183,6848
Aaron Altherr,PHI,"OF,U",6,0.309,21,20,3,175,11270
Mark Zagunis,CHC,"OF,U",1,0.332,6,5,1,50,16565
Keibert Ruiz,LAD,"C,U",1,0.318,3,3,0,26,sa872528
Elias Diaz,PIT,"C,U",4,0.311,17,19,1,159,11680
Tucker Barnhart,CIN,"C,U",10,0.327,54,51,3,485,10200
Kevin Pillar,TOR,"OF,U",16,0.302,70,62,13,595,12434
Yangervis Solarte,SF,"2B,3B,SS,CI,MI,U",8,0.311,31,33,2,291,5352
Peter Alonso,NYM,"1B,CI,U",20,0.3,51,58,2,466,sa873981
Lourdes Gurriel Jr.,TOR,"2B,SS,MI,U",10,0.298,35,35,3,308,19238
Addison Russell,CHC,"SS,MI,U",10,0.313,42,41,2,376,14106
Melky Cabrera,PIT,"OF,U",3,0.318,17,17,1,159,4022
Yan Gomes,WAS,"C,U",12,0.292,35,43,1,311,9627
Travis d'Arnaud,NYM,"C,U",7,0.302,22,25,1,209,7739
Brian McCann,ATL,"C,U",10,0.308,29,31,1,258,4810
Mike Zunino,TB,"C,U",22,0.286,50,63,1,443,13265
Andy Young,ARI,"2B,MI,U",1,0.303,3,3,0,29,sa919031
Yonathan Daza,COL,"OF,U",0,0.316,4,3,1,35,sa597083
Devin Mesoraco,NYM,"C,U",1,0.305,3,4,0,32,5666
Carter Kieboom,WAS,"SS,MI,U",0,0.31,2,2,0,14,sa917937
Fernando Tatis Jr.,SDP,"SS,MI,U",8,0.302,29,27,5,244,sa919910
Joe McCarthy,TB,"1B,CI,OF,U",2,0.321,8,7,1,69,sa858039
Franchy Cordero,SDP,"OF,U",8,0.298,30,27,6,247,14567
Jonathan Villar,BAL,"2B,SS,MI,U",16,0.313,71,49,33,561,10071
Christian Walker,ARI,"1B,CI,U",6,0.295,20,22,1,179,13419
Chris Davis,BAL,"1B,CI,U",25,0.301,61,69,2,567,9272
Neil Walker,MIA,"1B,2B,3B,CI,MI,U",14,0.313,47,49,1,467,7539
Austin Riley,ATL,"3B,CI,U",3,0.294,9,10,0,80,sa874756
Dansby Swanson,ATL,"SS,MI,U",14,0.315,59,60,7,529,18314
David Bote,CHC,"2B,3B,CI,MI,U",3,0.305,13,13,1,109,14593
Victor Caratini,CHC,"C,1B,CI,U",4,0.319,20,19,1,185,14968
Austin Barnes,LAD,"C,2B,MI,U",9,0.326,45,38,5,390,12158
Austin Slater,SF,"OF,U",7,0.323,47,40,6,431,16153
Willy Adames,TB,"2B,SS,MI,U",14,0.317,68,63,9,616,15986
Phillip Ervin,CIN,"OF,U",4,0.306,15,13,4,122,14738
Adam Duvall,ATL,"1B,CI,OF,U",9,0.284,24,29,2,211,10950
Harrison Bader,STL,"OF,U",19,0.302,70,64,13,586,18030
Jose Pirela,SDP,"1B,2B,CI,MI,OF,U",1,0.308,6,5,1,50,5485
Cedric Mullins,BAL,"OF,U",15,0.305,67,57,15,608,17929
Joey Rickard,BAL,"OF,U",10,0.314,45,39,8,425,13277
Joey Wendle,TB,"2B,MI,OF,U",10,0.308,56,54,10,519,13853
Alex Blandino,CIN,"2B,3B,SS,CI,MI,U",2,0.312,7,7,1,65,16271
Cory Spangenberg,MIL,"2B,3B,CI,MI,OF,U",2,0.305,10,8,1,80,12294
Austin Hays,BAL,"OF,U",2,0.288,5,5,0,47,19363
Austin Hedges,SDP,"C,U",13,0.281,34,40,2,305,12976
Brandon Drury,TOR,"2B,3B,CI,MI,U",9,0.304,39,37,2,362,11615
D.J. Stewart,BAL,"OF,U",12,0.308,43,38,8,398,17766
Sam Travis,BOS,"OF,U",0,0.31,1,1,0,7,16263
Pablo Reyes,PIT,"OF,U",3,0.305,16,15,4,147,16357
Cameron Maybin,SF,"OF,U",2,0.323,14,9,4,119,5223
Austin Dean,MIA,"OF,U",8,0.304,39,37,2,390,18288
Manny Pina,MIL,"C,U",3,0.3,11,11,1,102,2829
Travis Jankowski,SDP,"OF,U",1,0.329,12,7,5,100,13768
Christian Arroyo,TB,"2B,3B,CI,MI,U",1,0.307,4,4,0,35,16434
Garrett Cooper,MIA,"OF,U",5,0.305,20,21,1,209,15279
Hernan Perez,MIL,"2B,3B,SS,CI,MI,OF,U",8,0.29,32,30,7,280,5751
Kevin Kramer,PIT,"3B,CI,U",2,0.302,11,10,1,99,17689
Carlos Gomez,NYM,"OF,U",2,0.297,6,5,1,49,4881
Yairo Munoz,STL,"3B,SS,CI,MI,OF,U",7,0.299,29,28,5,263,16313
Renato Nunez,BAL,"3B,CI,U",21,0.287,57,64,2,567,14503
T.J. Rivera,NYM,"2B,3B,CI,MI,U",1,0.303,3,3,0,29,12495
Tony Wolters,COL,"C,U",3,0.325,28,22,2,257,11470
Chance Sisco,BAL,"C,U",5,0.312,24,22,1,247,15694
Tim Locastro,ARI,"OF,U",0,0.312,2,1,0,14,15124
Matt Wieters,STL,"C,U",4,0.303,13,14,0,129,4298
Carson Kelly,ARI,"C,U",4,0.311,22,22,1,222,13620
Keston Hiura,MIL,"2B,MI,U",0,0.299,2,2,0,21,sa3004043
J.D. Davis,NYM,"1B,3B,CI,U",2,0.293,7,8,0,70,16219
Andrew Toles,LAD,"OF,U",2,0.297,13,12,2,116,13414
Dominic Smith,NYM,"1B,CI,OF,U",0,0.297,1,1,0,14,15653
Nick Ahmed,ARI,"SS,MI,U",17,0.29,66,67,8,617,12147
Gerardo Parra,SF,"OF,U",5,0.308,42,38,6,407,8553
Pat Valaika,COL,"1B,2B,CI,MI,U",4,0.277,13,13,1,115,14885
Michael A. Taylor,WAS,"OF,U",7,0.29,29,26,10,236,11489
Jonathan Davis,TOR,"OF,U",1,0.303,4,3,1,34,15104
Martin Prado,MIA,"3B,CI,U",3,0.313,31,27,2,325,3312
Jose Iglesias,CIN,"SS,MI,U",2,0.304,16,13,3,141,10231
Freddy Galvis,TOR,"SS,MI,U",10,0.292,45,40,7,410,6609
Mac Williamson,SF,"OF,U",16,0.292,54,58,4,528,14158
Tom Murphy,COL,"C,U",2,0.271,7,8,0,64,13499
Christian Vazquez,BOS,"C,U",5,0.305,42,38,5,387,9774
Amed Rosario,NYM,"SS,MI,U",11,0.295,70,55,20,632,15518
Miguel Rojas,MIA,"1B,3B,SS,CI,MI,U",4,0.306,25,22,3,261,7802
Jason Martin,PIT,"OF,U",1,0.288,2,2,0,21,sa737834
Alen Hanson,SF,"2B,3B,SS,CI,MI,OF,U",1,0.283,7,5,2,56,12926
Blake Swihart,BOS,"C,1B,CI,OF,U",3,0.295,15,13,2,135,13176
Tyler Wade,NYY,"2B,MI,U",0,0.302,1,1,0,7,15730
Mauricio Dubon,MIL,"SS,MI,U",1,0.291,5,4,1,49,sa738378
Steven Duggar,SF,"OF,U",7,0.3,54,43,11,520,17719
Lewis Brinson,MIA,"OF,U",17,0.278,58,58,8,579,14352
Charlie Culberson,ATL,"3B,SS,CI,MI,OF,U",4,0.283,18,18,2,166,3298
Jarrod Dyson,ARI,"OF,U",2,0.312,32,14,16,260,4866
Wilmer Difo,WAS,"2B,3B,CI,MI,U",3,0.299,19,17,4,179,14320
Roman Quinn,PHI,"OF,U",4,0.297,31,20,12,262,13546
Kevin Newman,PIT,"SS,MI,U",3,0.3,28,26,6,286,17696
Dylan Cozens,PHI,"OF,U",1,0.271,3,4,0,29,15115
Juan Lagares,NYM,"OF,U",4,0.29,27,23,5,271,5384
Michael Perez,TB,"C,U",3,0.285,15,17,1,164,12977
Scott Kingery,PHI,"3B,SS,CI,MI,U",9,0.279,36,35,8,344,17975
Tyler Saladino,MIL,"SS,MI,U",2,0.287,9,8,2,86,10807
Edmundo Sosa,STL,"SS,MI,U",0,0.286,2,2,0,21,17022
Austin Wynns,BAL,"C,U",8,0.288,34,33,1,370,15271
J.T. Riddle,MIA,"SS,MI,U",10,0.286,44,43,3,477,17642
Orlando Arcia,MIL,"SS,MI,U",11,0.287,59,53,12,561,13185
Cole Tucker,PIT,"SS,MI,U",0,0.295,4,3,1,35,sa828671
Lane Thomas,STL,"OF,U",0,0.279,2,1,0,14,sa828962
Sandy Leon,BOS,"C,U",4,0.284,20,20,1,194,5273
Erik Gonzalez,PIT,"1B,2B,3B,SS,CI,MI,U",10,0.271,47,44,8,454,13369
Jorge Alfaro,MIA,"C,U",12,0.276,45,47,3,499,12180
Chris Shaw,SF,"OF,U",3,0.267,11,13,0,119,17738
Peter O'Brien,MIA,"1B,CI,U",16,0.258,36,44,1,375,13288
Richie Martin,BAL,"SS,MI,U",3,0.292,20,15,4,203,sa659080
Adolis Garcia,STL,"OF,U",1,0.262,2,2,0,21,19287
Luke Maile,TOR,"C,U",2,0.277,9,8,1,94,13355
Caleb Joseph,ARI,"C,U",1,0.273,3,3,0,32,7087
Keon Broxton,NYM,"OF,U",11,0.265,41,32,13,363,9253
Magneuris Sierra,MIA,"OF,U",1,0.272,6,4,2,69,17023
Chris Sale,BOS,SP,2.49,266,0,16,0.92,183,10603
Edwin Diaz,NYM,RP,2.53,90,31,3,0.99,65,14710
Aroldis Chapman,NYY,RP,2.5,97,28,4,1.06,65,10233
Dellin Betances,NYY,RP,2.88,117,1,4,1.15,75,6216
Jacob deGrom,NYM,SP,2.6,264,0,16,1,211,10954
Josh Hader,MIL,RP,2.59,119,4,4,1.08,80,14212
Corey Knebel,MIL,RP,2.77,94,28,3,1.09,65,15010
Sean Doolittle,WAS,RP,2.82,84,31,3,0.96,65,1581
Will Smith,SF,RP,3.29,81,32,3,1.21,65,8048
Luis Severino,NYY,SP,2.99,197,0,14,1.07,167,15890
Craig Kimbrel,FA,RP,2.81,94,22,4,1.05,65,6655
Diego Castillo,TB,RP,2.93,69,4,3,1.1,60,17496
Keone Kela,PIT,RP,3.05,74,6,3,1.14,60,14696
Jeurys Familia,NYM,RP,3.15,68,7,3,1.21,65,5114
Trevor Rosenthal,WAS,RP,3.32,87,6,3,1.29,65,10745
Jose Castillo,SDP,RP,3.23,29,0,1,1.23,25,17169
Kenley Jansen,LAD,RP,3.11,77,30,4,0.99,65,3096
Noah Syndergaard,NYM,SP,3.2,185,0,12,1.14,177,11762
Felipe Vazquez,PIT,RP,3.3,72,28,3,1.23,65,12076
Chad Green,NYY,RP,3.59,88,0,4,1.23,70,15552
Carson Smith,BOS,RP,3.39,10,0,1,1.27,10,13172
James Paxton,NYY,SP,3.19,207,0,14,1.11,171,11828
Max Scherzer,WAS,SP,3.02,288,0,16,1,210,3137
Blake Snell,TB,SP,3.12,237,0,14,1.15,190,13543
Cole Sulser,TB,RP,3.56,26,0,1,1.25,20,sa738350
Matt Barnes,BOS,RP,3.58,86,8,3,1.28,65,12863
Adam Ottavino,NYY,RP,3.32,90,8,4,1.18,65,1247
Aaron Nola,PHI,SP,3.2,208,0,13,1.11,189,16149
David Paulino,TOR,"SP,RP",3.36,57,2,2,1.16,50,17418
A.J. Minter,ATL,RP,3.37,73,13,3,1.2,65,18655
Jeremy Jeffress,MIL,RP,3.35,67,6,3,1.24,65,9490
Donnie Hart,LAD,RP,3.38,14,0,1,1.25,15,15306
David Robertson,PHI,RP,3.36,82,22,3,1.17,65,8241
Trevor Gott,SF,RP,3.53,24,0,1,1.31,25,15046
Jose Alvarado,TB,RP,2.89,71,30,3,1.32,60,17780
Tony Watson,SF,RP,3.24,60,2,3,1.12,65,3132
Andrew Miller,STL,RP,3.34,67,16,3,1.18,60,6785
Andrew Chafin,ARI,RP,3.52,56,2,2,1.32,55,12988
Dillon Maples,CHC,RP,3.26,14,0,0,1.43,10,14672
Clayton Kershaw,LAD,SP,3.1,142,0,11,1.06,144,2036
Alex Claudio,MIL,RP,3.28,30,0,2,1.19,45,12890
Jonathan Holder,NYY,RP,3.49,51,0,3,1.14,50,16588
Drew Steckenrider,MIA,RP,3.23,77,26,2,1.25,65,18806
Mark Melancon,SF,RP,3.55,51,4,3,1.24,65,4264
Darren O'Day,ATL,RP,3.39,65,2,3,1.11,55,3321
Ken Giles,TOR,RP,3.84,71,31,3,1.24,65,12910
Archie Bradley,ARI,RP,3.55,73,15,3,1.28,70,12918
Kirby Yates,SDP,RP,3.65,88,32,3,1.21,65,9073
Walker Buehler,LAD,SP,3.2,177,0,12,1.14,161,19374
Paul Fry,BAL,RP,3.61,73,3,2,1.39,65,15832
Zach Britton,NYY,RP,3.22,52,3,3,1.29,60,3240
Sam Dyson,SF,RP,3.66,47,1,2,1.3,60,11710
Edubray Ramos,PHI,RP,3.58,20,0,1,1.2,20,16086
Wade Davis,COL,RP,3.86,75,30,3,1.31,65,7441
Carl Edwards Jr.,CHC,RP,3.19,75,1,3,1.33,60,13607
Charlie Morton,TB,SP,3.37,177,0,10,1.2,151,4676
Ryan Madson,FA,RP,3.51,49,0,3,1.18,50,1852
Dylan Floro,LAD,"SP,RP",3.89,38,1,3,1.31,50,13394
Silvino Bracho,ARI,RP,3.67,61,1,2,1.18,50,15051
Justin Wilson,NYM,RP,3.33,47,0,2,1.21,40,4301
Tim Mayza,TOR,RP,3.88,60,1,2,1.39,50,15042
Stephen Strasburg,WAS,SP,3.53,201,0,12,1.16,173,10131
Chris Paddack,SDP,SP,3.59,93,0,6,1.15,93,sa875195
Steven Okert,SF,RP,3.96,11,0,0,1.31,10,13580
Patrick Corbin,WAS,SP,3.63,200,0,12,1.21,180,9323
Mychal Givens,BAL,RP,3.67,68,30,2,1.23,65,10430
Giovanny Gallegos,STL,RP,3.76,23,0,1,1.19,20,14986
Ross Stripling,LAD,"SP,RP",3.59,95,0,6,1.17,95,13273
Craig Stammen,SDP,RP,3.87,75,4,3,1.27,75,7274
Caleb Ferguson,LAD,"SP,RP",3.42,83,0,5,1.26,78,19349
Chaz Roe,TB,RP,3.77,58,2,2,1.28,50,9866
Nathan Eovaldi,BOS,SP,3.67,149,0,11,1.2,156,9132
Arodys Vizcaino,ATL,RP,3.74,66,21,3,1.27,65,5498
JT Chargois,LAD,RP,3.54,30,0,2,1.29,30,13767
Austen Williams,WAS,RP,3.97,21,0,1,1.34,20,16309
Hector Neris,PHI,RP,3.74,53,2,2,1.21,40,11804
Jacob Rhame,NYM,RP,3.45,22,0,1,1.15,20,15267
Eduardo Rodriguez,BOS,SP,3.58,162,0,10,1.2,147,13164
Scott Alexander,LAD,RP,3.38,42,1,3,1.3,50,10591
Grant Dayton,ATL,RP,4.01,18,0,1,1.28,15,11203
Luis Avilan,NYM,RP,3.53,10,0,0,1.26,10,2882
Jimmie Sherfy,ARI,RP,3.61,55,0,2,1.25,45,15118
Kenta Maeda,LAD,SP,3.64,145,0,9,1.18,132,18498
Matt Grace,WAS,RP,4.04,40,0,2,1.39,50,11449
Tanner Scott,BAL,RP,3.41,56,1,2,1.5,45,17586
Ryne Stanek,TB,"SP,RP",3.55,51,0,2,1.27,40,15947
Seranthony Dominguez,PHI,"SP,RP",3.42,80,11,3,1.28,65,19249
Yoshihisa Hirano,ARI,RP,3.69,55,3,3,1.29,60,19756
Joey Krehbiel,ARI,RP,3.74,41,0,2,1.32,35,13707
Robert Gsellman,NYM,RP,3.61,48,1,2,1.29,60,13696
Luke Gregerson,STL,RP,3.72,45,1,2,1.23,50,4090
Jack Flaherty,STL,SP,3.55,189,0,11,1.19,168,17479
Tyler Glasnow,TB,"SP,RP",3.63,166,0,9,1.24,139,14374
Pedro Strop,CHC,RP,3.43,61,6,3,1.25,65,4070
Alex Reyes,STL,SP,3.55,122,0,8,1.24,111,15015
Aaron Loup,SDP,RP,4.12,24,0,1,1.37,25,10343
Hunter Wood,TB,RP,3.53,23,0,1,1.19,20,15091
Jonathan Loaisiga,NYY,SP,3.72,78,0,5,1.19,71,19753
Masahiro Tanaka,NYY,SP,3.6,159,0,11,1.13,152,15764
John Brebbia,STL,RP,3.99,54,1,2,1.23,50,12777
Austin Adams,WAS,RP,3.65,27,0,1,1.47,20,13801
Heath Hembree,BOS,RP,3.98,66,2,3,1.23,60,11632
Josh Taylor,BOS,RP,4.37,10,0,0,1.47,10,sa842224
German Marquez,COL,SP,4.17,205,0,12,1.29,190,15038
D.J. Johnson,COL,RP,4.44,23,0,1,1.5,20,12578
Steve Cishek,CHC,RP,3.83,50,1,2,1.3,50,6483
Joel Payamps,ARI,RP,4,9,0,0,1.33,10,sa597219
Josh Sborz,LAD,RP,3.62,11,0,1,1.29,10,sa827472
Trent Thornton,TOR,RP,4.22,38,0,2,1.29,39,sa857695
Sam Coonrod,SF,RP,3.88,10,0,0,1.37,10,sa827483
Dallas Keuchel,FA,SP,3.48,126,0,12,1.26,170,9434
Joe Kelly,LAD,RP,3.78,61,6,3,1.31,65,9761
Jameson Taillon,PIT,SP,3.87,176,0,11,1.24,190,11674
Robbie Ray,ARI,SP,3.86,224,0,10,1.32,177,11486
Chris Archer,PIT,SP,3.93,207,0,11,1.26,188,6345
Zack Wheeler,NYM,SP,3.55,172,0,11,1.23,173,10310
Dakota Hudson,STL,RP,3.64,52,2,3,1.4,69,19206
Jon Gray,COL,SP,4.22,151,0,9,1.31,148,14916
Domingo German,NYY,"SP,RP",3.78,42,0,3,1.22,38,17149
Carlos Martinez,STL,SP,3.59,126,0,8,1.28,138,11682
Scott Oberg,COL,RP,4.03,55,2,3,1.35,60,13911
Koda Glover,WAS,RP,3.92,36,0,2,1.25,40,17695
Tommy Kahnle,NYY,RP,3.82,48,0,2,1.31,40,11384
Jordan Hicks,STL,RP,3.45,52,18,3,1.41,60,19618
Miles Mikolas,STL,SP,3.77,154,0,13,1.18,200,9803
Tyler Webb,STL,RP,4.02,21,0,1,1.3,20,14974
Justin Miller,WAS,RP,3.95,55,1,2,1.23,50,8580
Sergio Romo,MIA,"SP,RP",3.7,65,6,2,1.16,65,9817
Michael Feliz,PIT,RP,4.18,42,0,2,1.34,40,11903
Zack Greinke,ARI,SP,3.82,195,0,12,1.2,203,1943
Marcus Stroman,TOR,SP,3.81,138,0,11,1.31,173,13431
Carlos Estevez,COL,RP,4.3,20,0,1,1.39,20,14542
Michael Soroka,ATL,RP,3.99,54,0,4,1.26,65,18383
David Price,BOS,SP,3.84,179,0,12,1.22,174,3184
Jimmy Nelson,MIL,SP,3.8,117,0,7,1.26,112,10547
Tim Peterson,NYM,RP,3.85,46,0,2,1.18,40,13946
Luke Jackson,ATL,RP,4.28,28,0,1,1.46,25,11752
James Pazos,PHI,RP,3.87,38,0,2,1.38,40,13323
Kyle Barraclough,WAS,RP,3.88,61,2,3,1.42,55,13713
Matt Strahm,SDP,"SP,RP",3.87,86,2,3,1.25,75,13799
Brent Honeywell,TB,SP,3.85,75,0,5,1.17,75,sa828706
Greg Holland,ARI,RP,4.02,66,20,3,1.37,65,7196
Yoan Lopez,ARI,RP,3.9,42,0,2,1.32,35,17181
Tyler Kinley,MIA,RP,3.85,56,0,2,1.36,50,18297
Richard Rodriguez,PIT,"SS,MI,U",3.97,68,3,3,1.24,60,13549
Tony Cingrani,LAD,RP,3.62,46,0,2,1.27,40,12555
Hyun-Jin Ryu,LAD,SP,3.86,125,0,9,1.25,129,14444
Pablo Lopez,MIA,"SP,RP",3.81,37,0,2,1.21,47,17085
Emilio Pagan,TB,RP,3.84,45,0,2,1.18,40,14771
Xavier Cedeno,CHC,RP,4.15,9,0,0,1.39,10,36
Paul Sewald,NYM,RP,4.04,19,0,1,1.27,20,13892
Adam Kolarek,TB,RP,3.87,37,1,2,1.43,40,10843
Austin Pruitt,TB,RP,4.35,36,0,2,1.32,40,15290
AJ Ramos,FA,RP,3.67,53,0,3,1.27,50,8350
Rich Hill,LAD,SP,3.7,175,0,11,1.19,159,4806
Pat Neshek,PHI,RP,3.95,50,1,3,1.17,55,4682
Mike Foltynewicz,ATL,SP,3.91,201,0,12,1.25,187,10811
Chasen Shreve,STL,RP,3.95,32,0,1,1.35,30,10855
Merrill Kelly,FA,SP,4.21,65,0,3,1.32,69,sa552177
Pedro Baez,LAD,RP,3.92,50,2,3,1.24,50,5420
Robby Scott,ARI,RP,3.91,10,0,0,1.28,10,13042
Julio Urias,LAD,SP,3.89,91,0,6,1.33,92,14765
Jesse Biddle,ATL,RP,4.09,42,0,2,1.43,40,11437
Juan Nicasio,PHI,RP,4.36,44,0,2,1.34,40,7731
Matt Bowman,CIN,RP,4.38,19,0,1,1.43,20,13528
Yu Darvish,CHC,SP,3.97,158,0,8,1.25,138,13074
Jose Alvarez,PHI,RP,4.25,36,0,2,1.34,40,5358
Ryan Tepera,TOR,RP,4.26,72,4,3,1.35,65,10291
Luke Weaver,ARI,SP,4.22,122,0,7,1.34,132,16918
Wilmer Font,TB,"SP,RP",4.01,64,0,3,1.24,59,5257
Steven Brault,PIT,RP,3.86,36,1,2,1.39,40,15291
Max Fried,ATL,"SP,RP",4.06,36,0,2,1.42,34,13743
Jose Lopez,SF,RP,4.34,9,0,0,1.4,10,sa709715
Erasmo Ramirez,BOS,RP,4.05,9,0,1,1.22,10,10314
Raisel Iglesias,CIN,RP,4,70,32,3,1.26,65,17130
Dominic Leone,STL,RP,4.05,37,0,2,1.33,40,13763
Miguel Diaz,SDP,RP,3.92,20,0,1,1.33,20,18815
Sammy Solis,WAS,RP,4.27,42,0,2,1.42,40,11457
Alex Wood,CIN,SP,4.01,125,0,8,1.26,139,13781
Yonny Chirinos,TB,"SP,RP",4.02,96,0,7,1.22,114,16401
J.A. Happ,NYY,SP,3.83,171,0,12,1.22,167,7410
Nick Pivetta,PHI,SP,3.98,185,0,10,1.26,169,15454
Evan Phillips,BAL,RP,4.01,45,0,1,1.37,40,17734
Rick Porcello,BOS,SP,4.01,172,0,12,1.19,182,2717
Jacob Waguespack,TOR,RP,4.4,17,0,1,1.43,19,sa659056
Chandler Shepherd,BOS,RP,4.31,18,0,1,1.32,20,sa602595
Seung Hwan Oh,COL,RP,4.44,64,6,3,1.3,65,18719
Kyle Hendricks,CHC,SP,3.93,155,0,12,1.24,193,12049
Matt Albers,MIL,RP,3.94,55,1,3,1.22,60,4300
Zack Godley,ARI,SP,4.09,174,0,10,1.36,178,14862
T.J. McFarland,ARI,RP,4.34,20,0,1,1.47,35,3237
Ty Blach,SF,"SP,RP",4.33,32,0,2,1.39,53,14361
Andrew Suarez,SF,SP,4.31,75,0,5,1.35,93,18300
Joe Musgrove,PIT,SP,4.08,141,0,9,1.24,161,12970
Jose Quintana,CHC,SP,4.18,169,0,11,1.33,188,11423
Adam Morgan,PHI,RP,4.36,44,1,2,1.34,45,12580
Wes Parsons,ATL,RP,4.19,21,0,1,1.34,24,14764
Yimi Garcia,LAD,RP,4.07,14,0,1,1.18,15,12095
Sonny Gray,CIN,SP,3.96,145,0,9,1.3,154,12768
David Phelps,TOR,RP,4.45,43,0,2,1.38,40,6316
Tyler Lyons,PIT,RP,4.49,10,0,0,1.34,10,11334
Marcus Walden,BOS,RP,4.47,41,0,3,1.48,50,8004
Jake Arrieta,PHI,SP,3.84,159,0,11,1.25,180,4153
Caleb Smith,MIA,SP,3.98,144,0,7,1.26,141,14875
Freddy Peralta,MIL,SP,3.92,89,0,5,1.28,74,18679
Trevor Richards,MIA,SP,4.04,121,0,6,1.25,132,19309
Jake Petricka,MIL,RP,4.59,16,0,1,1.47,20,10534
Dan Winkler,ATL,RP,4.21,42,0,2,1.27,40,12237
Kyle Freeland,COL,SP,4.18,155,0,12,1.35,192,16256
Jordan Montgomery,NYY,SP,3.91,17,0,1,1.25,18,16511
Jacob Barnes,MIL,RP,4.21,28,0,1,1.36,30,12323
Kyle Ryan,CHC,RP,4.18,18,0,1,1.44,20,11753
Yacksel Rios,PHI,RP,4.05,21,0,1,1.35,20,15007
Bryan Shaw,COL,RP,4.61,43,2,2,1.44,50,8110
Adam Warren,FA,RP,4.26,45,0,3,1.33,50,9029
Bud Norris,TOR,RP,4.62,55,1,2,1.39,50,9492
Adam Conley,MIA,RP,4.19,49,6,2,1.44,60,14457
Matt Belisle,FA,RP,4.43,39,0,3,1.38,50,1837
Joey Lucchesi,SDP,SP,4.17,167,0,10,1.29,169,19320
Genesis Cabrera,STL,RP,3.99,10,0,0,1.39,10,sa828534
Pierce Johnson,FA,RP,4.18,44,0,2,1.42,40,13435
Brett Cecil,STL,RP,4.52,30,0,2,1.39,40,2660
Kevin Gausman,ATL,SP,4.22,155,0,10,1.3,170,14107
Luiz Gohara,ATL,RP,4.29,18,0,1,1.31,19,15166
Walker Lockett,NYM,RP,3.97,39,0,2,1.25,48,13804
Sam Freeman,ATL,RP,3.98,30,0,1,1.45,30,6832
Brandon Kintzler,CHC,RP,4.65,27,0,2,1.44,40,9939
Tony Barnette,CHC,RP,4.38,38,0,2,1.37,40,3555
Corbin Burnes,MIL,RP,4.06,67,0,5,1.27,75,19361
Brandon Woodruff,MIL,"SP,RP",4.05,128,0,9,1.29,138,16162
Wander Suero,WAS,RP,4.25,24,0,1,1.36,25,15855
Adrian Houser,MIL,RP,4.32,43,0,2,1.4,49,12718
Jonny Venters,ATL,RP,4.24,43,1,2,1.51,50,7175
Matt Andriese,ARI,"SP,RP",4.42,84,0,5,1.32,95,12022
Gio Gonzalez,FA,SP,4.09,99,0,7,1.37,112,7448
Jared Hughes,CIN,RP,4.22,51,4,3,1.36,65,9325
Josh Fields,LAD,RP,4.16,37,0,2,1.26,40,5070
Michael Wacha,STL,SP,4.22,112,0,8,1.36,131,14078
Shane Carle,ATL,RP,4.7,24,0,1,1.41,30,15258
Steven Matz,NYM,SP,4.04,151,0,10,1.29,166,13361
Dinelson Lamet,SDP,SP,4.2,73,0,4,1.32,65,17186
Austin Brice,MIA,RP,4.18,19,0,1,1.39,20,17237
Matt Wisler,CIN,RP,4.7,27,0,1,1.37,30,12804
Blake Wood,FA,RP,4.54,49,0,3,1.47,50,1345
Vince Velasquez,PHI,SP,4.2,162,0,9,1.31,150,11189
Logan Allen,SDP,SP,4.39,42,0,3,1.37,47,sa875192
Aaron Wilkerson,MIL,RP,4.28,39,0,2,1.32,39,16904
Gabriel Ynoa,BAL,RP,4.51,19,0,1,1.37,25,12938
Drew Gagnon,NYM,RP,4.34,33,0,1,1.42,30,12545
Zach Davies,MIL,SP,4.18,120,0,10,1.31,160,13183
Sean Newcomb,ATL,SP,4.21,179,0,11,1.4,178,16943
Madison Bumgarner,SF,SP,4.07,165,0,11,1.22,202,5524
Joe Biagini,TOR,"SP,RP",4.75,39,0,2,1.45,50,13194
Jake McGee,COL,RP,4.62,45,0,2,1.38,50,7550
Zach Eflin,PHI,"SP,RP",4.23,129,0,9,1.25,148,13774
Seth Lugo,NYM,"SP,RP",4.41,59,1,2,1.34,60,12447
John Gant,STL,"SP,RP",4.35,60,0,3,1.42,68,13684
Taijuan Walker,ARI,SP,4.26,67,0,4,1.34,74,11836
Mike Mayers,STL,RP,4.74,23,0,1,1.49,25,15451
Chris Lee,BAL,RP,4.44,11,0,1,1.58,15,sa550044
Tyler Anderson,COL,SP,4.47,145,0,9,1.34,157,12880
Erick Fedde,WAS,SP,4.47,47,0,3,1.38,56,17425
Luis Castillo,CIN,SP,4.26,166,0,10,1.28,168,15689
Adam Wainwright,STL,SP,4.4,116,0,8,1.39,142,2233
Ryan Yarbrough,TB,"SP,RP",4.29,96,0,6,1.29,114,16502
David Hernandez,CIN,RP,4.43,60,2,3,1.29,60,4259
Tommy Hunter,PHI,RP,4.43,47,2,3,1.29,55,1157
Kyle Crick,PIT,RP,4.33,56,2,2,1.6,50,13182
Cole Hamels,CHC,SP,4.3,169,0,10,1.34,173,4972
Jose De Leon,TB,RP,4.13,48,0,3,1.23,46,15463
Brock Stewart,LAD,"SP,RP",4.18,16,0,1,1.3,19,16727
Antonio Senzatela,COL,"SP,RP",4.5,131,0,10,1.37,169,15488
Luis Cessa,NYY,RP,4.46,38,0,3,1.36,43,13345
Nick Neidert,MIA,RP,4.24,7,0,0,1.26,9,sa874797
CC Sabathia,NYY,SP,4.14,105,0,8,1.31,120,404
Chris Stratton,SF,SP,4.79,69,0,4,1.48,86,13761
Mike Montgomery,CHC,"SP,RP",4.49,57,2,3,1.46,74,4869
Brandon Morrow,CHC,RP,4.64,51,26,2,1.42,55,9346
Tony Sipp,FA,RP,4.23,50,0,3,1.3,50,8280
Derek Holland,SF,SP,4.49,134,0,7,1.4,147,4141
Joe Ross,WAS,SP,4.42,46,0,3,1.31,56,12972
Matt Shoemaker,TOR,SP,4.47,127,0,7,1.31,130,4776
Hector Velazquez,BOS,RP,4.72,56,0,4,1.42,69,19341
Jordan Lyles,PIT,"SP,RP",4.61,47,0,2,1.41,54,7593
Amir Garrett,CIN,RP,4.48,67,2,3,1.48,65,14375
Brad Brach,CHC,RP,4.78,41,0,2,1.44,45,6627
John Axford,TOR,RP,4.72,19,0,1,1.47,20,9059
Clay Holmes,PIT,RP,4.35,35,0,2,1.54,39,13649
Trevor Williams,PIT,SP,4.41,109,0,8,1.35,144,16977
Tayron Guerrero,MIA,RP,4.22,61,1,2,1.45,60,11691
Jeff Samardzija,SF,SP,4.48,133,0,8,1.28,165,3254
Sam Gaviglio,TOR,RP,4.84,42,0,2,1.39,49,12778
Aaron Sanchez,TOR,SP,4.32,125,0,8,1.42,150,11490
Ryan Brasier,BOS,RP,4.63,68,21,3,1.32,65,5615
Zac Gallen,MIA,RP,4.29,7,0,0,1.3,9,sa857550
Sean Reid-Foley,TOR,SP,4.54,57,0,3,1.37,55,17034
Allen Webster,FA,RP,4.82,28,0,2,1.51,30,3993
Junichi Tazawa,FA,RP,4.79,43,0,3,1.39,50,4079
Dylan Bundy,BAL,SP,4.47,185,0,8,1.27,179,12917
Sal Romano,CIN,RP,4.85,23,0,1,1.49,29,13690
Richard Bleier,BAL,RP,4.66,34,6,2,1.42,65,7803
Eric Lauer,SDP,SP,4.55,119,0,8,1.37,138,19316
Robbie Erlin,SDP,"SP,RP",4.67,110,0,8,1.32,141,10354
Jhoulys Chacin,MIL,SP,4.24,162,0,12,1.34,189,2608
Anibal Sanchez,WAS,SP,4.4,141,0,9,1.27,147,3284
Brandon Workman,BOS,RP,4.87,31,0,2,1.42,30,11428
Ryan Borucki,TOR,"SP,RP",4.47,71,0,5,1.36,93,16350
Daniel Poncedeleon,STL,RP,4.38,17,0,1,1.39,19,16110
Jaime Schultz,LAD,RP,4.63,13,0,0,1.57,10,15066
Dereck Rodriguez,SF,SP,4.53,111,0,7,1.32,140,14509
Wei-Yin Chen,MIA,SP,4.35,129,0,7,1.3,158,13071
Dovydas Neverauskas,PIT,RP,4.59,25,0,1,1.48,25,11604
Clay Buchholz,TOR,SP,4.43,93,0,6,1.29,112,3543
Alex Cobb,BAL,SP,4.46,126,0,8,1.34,178,6562
Austin Gomber,STL,"SP,RP",4.48,24,0,2,1.36,28,16561
Kyle Wright,ATL,SP,4.4,7,0,1,1.36,9,19665
Vidal Nuno,WAS,RP,4.66,9,0,0,1.32,10,9674
Nathan Karns,BAL,RP,4.58,96,0,4,1.36,93,12638
Austin Voth,WAS,RP,4.66,35,0,2,1.45,39,15047
Luis Perdomo,SDP,SP,4.73,14,0,1,1.45,19,14682
Jose Urena,MIA,SP,4.35,122,0,7,1.34,161,11589
Chris Rusin,COL,RP,5.11,31,0,2,1.51,40,9895
Corey Oswalt,NYM,RP,4.41,15,0,1,1.33,19,13677
Drew Pomeranz,SF,SP,4.42,77,0,5,1.4,94,11426
Jon Lester,CHC,SP,4.64,161,0,10,1.39,189,4930
Touki Toussaint,ATL,SP,4.52,82,0,5,1.37,84,16929
Mike Wright,BAL,RP,5.12,46,0,2,1.5,54,12586
Julian Merryweather,TOR,RP,4.79,16,0,1,1.36,19,sa829363
Michael Lorenzen,CIN,RP,4.67,45,1,3,1.44,59,14843
Anthony DeSclafani,CIN,SP,4.75,135,0,8,1.33,149,13050
Joaquin Benoit,FA,RP,4.25,45,0,3,1.31,50,1437
Josh Osich,BAL,RP,4.8,8,0,0,1.53,10,11528
Jalen Beeks,TB,RP,4.46,87,0,5,1.34,93,17192
Tyler Thornburg,BOS,RP,4.89,53,1,3,1.44,50,10688
Jake Faria,TB,SP,4.41,25,0,2,1.32,28,13699
Francisco Liriano,PIT,SP,4.66,33,0,1,1.53,35,3201
Alec Mills,CHC,RP,4.68,7,0,0,1.38,9,13834
Sandy Alcantara,MIA,SP,4.5,51,0,3,1.42,65,18684
Domingo Acevedo,NYY,"SP,RP",4.62,8,0,1,1.33,9,sa739716
Taylor Clarke,ARI,RP,4.75,15,0,1,1.38,19,sa874810
Brett Kennedy,SDP,SP,4.81,93,0,6,1.39,119,17877
Jason Vargas,NYM,SP,4.5,100,0,6,1.3,113,8044
Rhiner Cruz,FA,RP,4.71,52,0,3,1.47,50,711
Chad Bettis,COL,RP,5.18,33,0,2,1.52,45,10587
Brian Duensing,CHC,RP,4.99,29,0,2,1.51,40,4064
Sean Gilmartin,BAL,RP,5.05,8,0,0,1.49,10,12781
Junior Guerra,MIL,"SP,RP",4.46,49,0,2,1.4,50,5702
Jarlin Garcia,MIA,RP,4.71,36,1,2,1.42,50,18282
Randall Delgado,FA,RP,4.5,53,0,3,1.36,60,5985
Julio Teheran,ATL,SP,4.53,147,0,9,1.32,159,6797
Zach Duke,CIN,RP,4.89,36,0,2,1.53,40,3840
Jackson Stephens,CIN,RP,5.24,9,0,0,1.5,10,14420
Peter Moylan,FA,RP,4.7,39,0,3,1.49,50,4891
Tanner Roark,CIN,SP,4.54,120,0,8,1.34,142,8753
Tyler Beede,SF,RP,4.88,7,0,0,1.49,9,16981
Mitch Keller,PIT,SP,4.67,76,0,5,1.39,93,sa828700
Jorge De La Rosa,FA,RP,4.47,44,0,3,1.46,50,2047
Jimmy Cordero,WAS,RP,4.89,18,0,1,1.57,20,15690
Yovani Gallardo,FA,RP,4.69,64,0,5,1.45,94,8173
Brian Johnson,BOS,RP,4.57,46,0,3,1.33,56,14272
Chase Anderson,MIL,SP,4.51,132,0,9,1.31,147,6895
Kolby Allard,ATL,SP,4.8,14,0,1,1.36,19,18694
Franklyn Kilome,NYM,RP,4.6,7,0,0,1.41,9,sa830592
Nick Kingham,PIT,SP,4.77,97,0,6,1.36,119,11694
Jerad Eickhoff,PHI,SP,4.7,8,0,0,1.37,9,12664
Bryan Mitchell,SDP,RP,5.18,24,0,1,1.57,34,11479
Mike Dunn,COL,RP,5.34,47,1,2,1.58,50,9948
Chris Flexen,NYM,RP,4.68,14,0,1,1.4,18,13896
Jacob Nix,SDP,SP,4.86,18,0,1,1.37,28,17775
Drew Anderson,PHI,RP,4.68,17,0,1,1.37,19,15130
Steven Wright,BOS,"SP,RP",4.87,53,0,4,1.43,69,8185
Aaron Slegers,PIT,RP,4.93,13,0,1,1.41,19,15231
Cal Quantrill,SDP,RP,5.17,34,0,2,1.47,47,sa738477
Jeremy Hellickson,WAS,SP,4.8,83,0,6,1.35,113,4371
Wandy Peralta,CIN,RP,5.14,23,0,1,1.61,30,14295
Yefry Ramirez,BAL,RP,4.66,46,0,2,1.36,48,15655
Miguel Castro,BAL,RP,4.51,31,1,2,1.4,45,15684
Clayton Richard,TOR,SP,5.07,82,0,5,1.53,113,3551
Harrison Musgrave,COL,RP,5.21,24,0,1,1.51,30,16532
Dillon Tate,BAL,RP,4.98,14,0,1,1.44,19,sa874239
Dan Straily,MIA,SP,4.71,139,0,6,1.33,158,9460
Tyler Chatwood,CHC,SP,4.71,31,0,2,1.59,39,4338
John Means,BAL,RP,5.11,14,0,1,1.41,19,16269
Enyel De Los Santos,PHI,RP,4.85,62,0,4,1.39,74,18403
Jimmy Yacabonis,BAL,RP,4.85,43,0,2,1.49,53,15157
Hector Santiago,NYM,RP,4.43,53,0,3,1.35,58,4026
J.T. Brubaker,PIT,RP,5.08,7,0,0,1.45,9,sa875176
Bartolo Colon,FA,SP,5.11,55,0,5,1.4,93,375
Kyle McGowin,WAS,RP,4.98,16,0,1,1.4,19,15071
Jeff Hoffman,COL,"SP,RP",5.38,22,0,1,1.53,28,17432
Miguel Gonzalez,FA,SP,4.98,123,0,10,1.39,190,7024
Thomas Pannone,TOR,"SP,RP",4.93,40,0,2,1.33,47,17281
Tyler Mahle,CIN,SP,5.08,67,0,4,1.4,75,16358
P.J. Conlon,NYM,RP,4.93,6,0,0,1.37,9,18213
Edwin Jackson,FA,RP,5.09,72,0,5,1.47,92,1841
Duane Underwood Jr.,CHC,RP,5.22,7,0,0,1.47,9,14677
Robert Stephenson,CIN,SP,5.04,69,0,3,1.54,59,13594
Cody Reed,CIN,RP,5.33,50,0,3,1.56,56,15232
Chance Adams,NYY,RP,4.85,17,0,1,1.41,19,18135
Yency Almonte,COL,RP,5.38,15,0,1,1.51,19,15068
Andrew Moore,TB,RP,4.88,6,0,0,1.3,9,17553
Jen-Ho Tseng,CHC,RP,5.3,6,0,0,1.44,9,15524
Ryan Castellani,COL,RP,5.74,12,0,1,1.58,19,sa828689
Adbert Alzolay,CHC,RP,5.13,7,0,0,1.42,9,sa735853
Luis Ortiz,BAL,RP,5.18,27,0,2,1.44,37,16942
Andrew Cashner,BAL,SP,5.25,107,0,7,1.5,168,8782
Josh Rogers,BAL,RP,5.19,31,0,2,1.42,46,18510
James Shields,FA,RP,5.21,76,0,5,1.45,94,7059
Keury Mella,CIN,RP,5.44,7,0,0,1.48,9,15964
David Hess,BAL,RP,5.35,83,0,4,1.45,110,16130
Lucas Sims,CIN,RP,5.34,8,0,0,1.43,9,13470
Matt Koch,ARI,RP,5.71,11,0,1,1.51,19,13420
Brandon Finnegan,CIN,SP,5.5,14,0,1,1.61,15,16208