Mike Trout,656,44,0.441,118,109,21
J.D. Martinez,656,44,0.377,106,121,4
Mookie Betts,685,32,0.386,112,102,26
Nolan Arenado,654,39,0.363,96,111,3
Bryce Harper,627,35,0.394,93,95,10
Aaron Judge,648,39,0.378,103,99,7
Freddie Freeman,663,28,0.388,95,97,9
Juan Soto,645,29,0.39,94,96,7
Joey Votto,658,22,0.412,92,82,4
Christian Yelich,653,28,0.38,98,85,13
Jose Ramirez,651,31,0.373,98,99,22
Paul Goldschmidt,662,32,0.386,98,91,12
Anthony Rizzo,659,29,0.384,93,93,8
Giancarlo Stanton,612,42,0.354,93,102,3
Alex Bregman,655,29,0.373,98,93,11
Kris Bryant,659,31,0.373,94,93,7
Justin Turner,654,24,0.38,90,87,4
Nelson Cruz,608,36,0.35,87,95,2
Charlie Blackmon,633,27,0.363,94,87,13
Anthony Rendon,652,27,0.369,89,96,6
Josh Donaldson,565,29,0.366,82,82,5
Matt Carpenter,627,29,0.374,87,85,4
Manny Machado,641,34,0.35,86,98,8
Jose Altuve,648,19,0.377,95,83,23
Francisco Lindor,609,28,0.357,87,90,16
Daniel Murphy,619,22,0.357,82,89,4
Joey Gallo,603,43,0.334,90,106,6
Rhys Hoskins,656,37,0.348,90,101,5
Khris Davis,648,44,0.332,91,106,2
Trevor Story,647,35,0.334,97,99,18
George Springer,648,28,0.363,94,88,9
Eugenio Suarez,637,34,0.35,88,97,4
Andrew McCutchen,599,27,0.364,83,80,11
Vladimir Guerrero Jr.,581,20,0.366,76,72,6
Carlos Correa,648,27,0.358,91,91,6
Corey Seager,647,24,0.357,86,87,3
Andrew Benintendi,649,18,0.367,94,79,18
Jose Abreu,613,27,0.347,77,85,3
Miguel Cabrera,636,22,0.368,79,81,2
Yasiel Puig,601,31,0.34,87,87,12
Ronald Acuna Jr.,656,31,0.341,97,89,23
Jung Ho Kang,184,9,0.345,24,27,2
Xander Bogaerts,649,23,0.355,90,87,9
Travis Shaw,639,34,0.341,85,92,5
Max Muncy,570,29,0.351,78,82,4
Shohei Ohtani,523,27,0.337,75,74,8
Shohei Ohtani,523,27,0.337,75,74,8
Cody Bellinger,639,33,0.341,89,93,10
Marcell Ozuna,634,29,0.34,83,89,2
Joc Pederson,410,21,0.345,57,57,5
Michael Conforto,652,31,0.35,84,89,4
Gary Sanchez,553,32,0.331,77,82,3
Steve Pearce,346,14,0.347,47,48,2
Shin-Soo Choo,631,20,0.369,84,70,8
Kyle Schwarber,581,31,0.347,79,86,4
Jesus Aguilar,632,36,0.329,83,96,1
Miguel Sano,512,27,0.338,70,74,1
Aaron Hicks,634,26,0.355,89,77,10
Nicholas Castellanos,629,24,0.337,79,84,3
Edwin Encarnacion,565,32,0.337,72,84,3
Carlos Santana,630,23,0.364,82,79,4
Tommy Pham,574,22,0.355,79,68,17
David Peralta,632,23,0.343,82,81,5
Justin Upton,628,33,0.336,87,88,9
Mike Moustakas,611,34,0.324,78,91,3
Matt Adams,248,14,0.323,32,41,1
A.J. Pollock,604,26,0.334,85,81,17
Justin Bour,404,21,0.342,54,57,1
C.J. Cron,477,23,0.327,64,66,4
Brandon Belt,624,21,0.354,78,76,4
Michael Brantley,598,16,0.355,80,73,11
Asdrubal Cabrera,590,24,0.334,74,80,3
Nomar Mazara,638,26,0.34,80,85,2
Justin Smoak,629,30,0.34,81,81,2
Mitch Haniger,634,26,0.341,80,83,7
Yoenis Cespedes,84,5,0.321,11,12,1
Didi Gregorius,296,13,0.332,39,39,4
J.T. Realmuto,548,23,0.33,71,75,6
Scooter Gennett,623,26,0.331,81,86,5
Ryan Braun,561,23,0.335,77,72,14
Robinson Cano,625,23,0.341,74,82,1
Jesse Winker,566,16,0.362,70,66,3
Victor Robles,611,17,0.348,84,68,25
Hanley Ramirez,49,2,0.339,6,7,1
Lorenzo Cain,632,14,0.361,84,64,21
Buster Posey,542,11,0.366,63,62,4
Eric Thames,232,12,0.331,31,32,3
Javier Baez,645,33,0.315,89,95,15
Rafael Devers,565,24,0.328,76,81,6
David Dahl,598,25,0.322,82,81,11
Yasmani Grandal,481,24,0.336,63,63,2
Gleyber Torres,634,26,0.335,86,80,10
Ryan Zimmerman,547,24,0.328,70,79,2
Adam Eaton,624,11,0.365,82,61,11
Tyler White,577,24,0.335,76,79,4
Wil Myers,571,24,0.334,78,71,17
Starling Marte,641,21,0.339,90,75,38
Chris Iannetta,321,12,0.347,41,40,1
Matt Olson,642,31,0.33,82,87,2
Matt Kemp,156,7,0.32,20,23,0
Brian Dozier,567,26,0.33,76,80,10
Eric Hosmer,648,21,0.349,80,77,7
Jose Martinez,469,14,0.346,58,56,3
Greg Bird,183,8,0.332,24,25,0
Josh Bell,613,19,0.35,75,75,5
Miguel Andujar,612,25,0.321,79,83,4
Luke Voit,500,21,0.333,65,66,1
Eddie Rosario,636,26,0.32,84,83,10
Trea Turner,652,19,0.342,93,74,36
Corey Dickerson,592,21,0.324,72,82,6
Jake Lamb,591,23,0.339,74,75,6
Hunter Renfroe,318,18,0.306,40,48,2
Ozzie Albies,656,21,0.329,86,81,16
Wilmer Flores,600,21,0.327,70,80,2
Matt Chapman,642,29,0.321,83,83,4
Rougned Odor,631,29,0.316,86,83,18
Francisco Cervelli,460,13,0.356,57,49,5
Kurt Suzuki,311,11,0.329,37,43,1
Derek Dietrich,129,5,0.335,16,16,0
Gregory Polanco,383,15,0.329,48,51,7
Eloy Jimenez,559,21,0.325,65,73,4
Stephen Piscotty,635,24,0.33,78,77,4
Jake Bauers,616,19,0.341,80,73,13
Avisail Garcia,277,11,0.328,34,37,2
Jorge Soler,563,22,0.334,66,73,3
Brandon Nimmo,604,18,0.352,75,59,7
Max Kepler,608,21,0.333,78,71,7
Troy Tulowitzki,317,13,0.327,40,41,1
Tyler Flowers,370,13,0.337,45,46,1
Scott Schebler,365,16,0.321,48,49,4
Steven Souza Jr.,556,21,0.334,71,65,10
Odubel Herrera,458,15,0.331,57,55,7
Marwin Gonzalez,532,17,0.334,67,61,7
Willson Contreras,486,15,0.338,61,55,5
DJ LeMahieu,570,12,0.349,74,58,9
Daniel Descalso,266,9,0.343,33,30,1
Jonathan Schoop,484,21,0.311,60,65,2
Luis Urias,551,10,0.353,66,51,7
Jason Kipnis,616,19,0.331,77,75,8
Jed Lowrie,593,19,0.337,66,69,1
Enrique Hernandez,414,17,0.325,51,53,2
Tyler O'Neill,101,5,0.307,13,15,1
Ben Zobrist,423,9,0.346,51,45,3
Mitch Moreland,353,13,0.329,45,46,1
Randal Grichuk,533,29,0.295,69,75,5
Howie Kendrick,168,4,0.336,21,20,3
Franmil Reyes,557,25,0.317,67,76,1
Ji-Man Choi,415,15,0.333,49,50,3
Yadier Molina,498,16,0.324,60,61,6
Austin Meadows,539,17,0.319,66,65,14
Logan Morrison,490,22,0.325,59,64,2
Trey Mancini,601,23,0.319,68,72,1
Paul DeJong,606,27,0.308,73,83,2
Jurickson Profar,607,16,0.336,74,63,8
Jeff McNeil,304,7,0.334,35,32,5
Eduardo Escobar,619,21,0.319,72,78,5
Whit Merrifield,617,13,0.332,74,66,27
Daniel Robertson,373,10,0.343,43,40,3
Dustin Pedroia,557,10,0.348,68,61,4
Jordan Luplow,490,16,0.329,60,61,6
Adam Frazier,607,11,0.342,72,62,11
Matt Holliday,210,7,0.333,25,24,1
Jorge Polanco,608,15,0.33,77,63,14
Christin Stewart,410,16,0.324,49,49,2
Yonder Alonso,579,23,0.325,66,70,2
Ian Desmond,522,17,0.324,70,60,16
Chris Taylor,576,17,0.327,74,63,11
Maikel Franco,594,27,0.308,68,84,2
Ian Happ,453,19,0.326,58,57,7
Zack Cozart,607,21,0.322,74,72,3
Nick Markakis,635,11,0.351,70,68,1
Kyle Seager,620,25,0.316,69,83,3
Kendrys Morales,615,26,0.317,73,77,3
Jedd Gyorko,258,10,0.321,31,32,2
Dexter Fowler,356,10,0.339,44,37,5
Nathaniel Lowe,311,10,0.328,35,38,1
Elvis Andrus,645,14,0.332,80,68,17
Josh Reddick,387,12,0.328,48,46,5
Domingo Santana,592,22,0.33,71,69,7
Mark Canha,193,7,0.315,23,23,1
Dan Vogelbach,110,4,0.336,12,13,0
Robinson Chirinos,386,18,0.314,50,53,2
Yuli Gurriel,563,14,0.321,68,71,5
David Freese,220,6,0.335,26,25,1
Jackie Bradley Jr.,635,20,0.325,83,76,11
Welington Castillo,405,17,0.312,46,52,2
Wilson Ramos,381,15,0.315,43,49,1
Matt Davidson,97,5,0.306,12,13,0
Clint Frazier,84,3,0.317,11,10,1
Evan Gattis,350,17,0.302,42,48,1
Kyle Tucker,141,5,0.315,19,18,4
Cesar Hernandez,649,12,0.35,81,57,15
Tyler Austin,69,3,0.306,9,9,0
Ketel Marte,632,13,0.332,73,66,8
Johan Camargo,401,13,0.319,47,49,2
Jean Segura,642,14,0.328,80,68,22
Jay Bruce,413,18,0.311,47,55,2
Adam Jones,630,20,0.314,71,77,3
Evan Longoria,624,20,0.313,70,78,4
Russell Martin,227,7,0.338,28,24,2
Alex Verdugo,350,8,0.33,41,39,3
Robbie Grossman,186,3,0.35,21,16,1
Danny Jansen,437,13,0.326,51,46,4
Nick Senzel,461,14,0.318,57,55,9
Kole Calhoun,628,22,0.323,76,73,5
Curtis Granderson,506,18,0.324,57,54,3
Brett Gardner,387,7,0.34,51,34,10
Todd Frazier,288,13,0.312,34,35,4
Denard Span,350,7,0.333,42,33,6
Brandon Lowe,242,8,0.317,28,29,3
Billy McKinney,410,14,0.312,49,45,3
Rowdy Tellez,21,1,0.314,2,2,0
Yoan Moncada,627,19,0.326,77,62,19
Ian Kinsler,516,15,0.315,61,57,10
Mark Trumbo,574,27,0.301,63,72,1
Jeimer Candelario,615,19,0.319,71,68,3
Marcus Semien,635,18,0.319,76,66,13
Matt Duffy,346,4,0.341,39,32,8
Nick Williams,116,4,0.306,14,14,1
Ryan McMahon,586,16,0.315,70,68,6
Leonys Martin,490,15,0.315,63,56,15
Ryon Healy,344,15,0.298,38,47,1
Willians Astudillo,167,4,0.315,19,20,2
Teoscar Hernandez,410,17,0.3,52,48,8
Chad Pinder,166,6,0.307,19,20,1
Colin Moran,503,14,0.324,54,60,2
Logan Forsythe,35,1,0.336,4,3,0
Jose Peraza,615,12,0.322,78,63,24
Francisco Mejia,335,10,0.312,37,39,2
Garrett Hampson,264,4,0.331,33,24,9
Josh Harrison,547,13,0.316,63,57,9
Jose Bautista,350,12,0.329,42,37,4
Aledmys Diaz,134,5,0.305,16,17,2
Max Moroff,182,6,0.324,22,20,2
Brad Miller,64,2,0.314,8,7,1
Mitch Garver,172,5,0.32,20,19,1
Jason Heyward,532,10,0.332,61,52,4
Ender Inciarte,649,10,0.333,80,62,21
Yandy Diaz,443,5,0.351,48,38,3
Alex Avila,380,12,0.335,44,39,1
Brian Anderson,627,15,0.325,66,60,3
Luis Arraez,7,0,0.334,1,1,0
Jorge Bonifacio,142,4,0.317,15,16,1
Daniel Palka,443,22,0.293,52,60,4
Brock Holt,254,4,0.336,32,24,5
Devon Travis,342,9,0.308,39,37,4
Carlos Gonzalez,630,20,0.314,71,74,4
Ronald Guzman,555,18,0.311,62,65,2
Brandon Crawford,631,17,0.319,68,73,5
Kolten Wong,493,11,0.328,58,48,9
Kevin Kiermaier,602,17,0.313,75,61,19
Albert Almora Jr.,476,9,0.316,54,51,4
Starlin Castro,620,16,0.316,64,65,4
Lonnie Chisenhall,319,9,0.313,35,36,3
Jose Osuna,99,3,0.305,11,12,1
Joe Panik,555,8,0.329,59,54,5
Raimel Tapia,271,5,0.315,33,28,7
Manuel Margot,487,11,0.312,59,49,14
Jake Cave,180,5,0.308,22,20,2
Mike Tauchman,99,2,0.321,12,10,2
Eduardo Nunez,183,4,0.31,24,20,6
Aaron Altherr,175,6,0.309,21,20,3
Alex Gordon,604,14,0.327,64,62,8
Willie Calhoun,298,9,0.308,33,35,2
Michael Reed,28,1,0.328,3,3,0
A.J. Reed,42,2,0.304,5,6,0
Tyler Naquin,553,13,0.314,64,63,6
Mark Zagunis,50,1,0.332,6,5,1
Nick Hundley,63,2,0.299,7,7,0
Andrelton Simmons,649,14,0.319,76,67,11
Elias Diaz,159,4,0.311,17,19,1
Tucker Barnhart,485,10,0.327,54,51,3
Keibert Ruiz,26,1,0.318,3,3,0
Kevin Pillar,595,16,0.302,70,62,13
Kevin Plawecki,320,8,0.319,35,37,1
Yangervis Solarte,291,8,0.311,31,33,2
Peter Alonso,466,20,0.3,51,58,2
Lourdes Gurriel Jr.,308,10,0.298,35,34,3
Ramon Laureano,517,15,0.309,64,51,15
Melky Cabrera,159,3,0.319,17,17,1
Bobby Bradley,28,1,0.298,3,4,0
Yan Gomes,311,12,0.292,35,43,1
Addison Russell,376,10,0.313,42,41,2
Delino DeShields,486,7,0.334,61,33,24
Travis d'Arnaud,209,7,0.302,22,25,1
Ryan O'Hearn,563,20,0.305,59,69,3
Nicky Delmonico,225,7,0.311,25,24,2
Andy Young,29,1,0.303,3,3,0
Brian McCann,258,10,0.308,29,31,1
Myles Straw,7,0,0.339,1,1,0
Yonathan Daza,35,0,0.316,4,3,1
Mike Zunino,443,22,0.286,50,63,1
Devin Mesoraco,32,1,0.305,3,4,0
Tony Kemp,303,4,0.331,37,27,9
Carter Kieboom,14,0,0.31,2,2,0
Fernando Tatis Jr.,244,8,0.302,29,28,5
Franchy Cordero,247,8,0.298,30,27,6
Christian Walker,179,6,0.295,20,22,1
Ty France,7,0,0.314,1,1,0
Joe McCarthy,69,2,0.321,8,7,1
Michael Chavis,14,1,0.293,2,2,0
Austin Riley,80,3,0.294,9,10,0
Dansby Swanson,529,14,0.315,59,60,7
Niko Goodrum,424,13,0.304,50,45,9
Neil Walker,466,14,0.313,47,49,1
Omar Narvaez,441,8,0.332,45,41,2
LaMonte Wade,35,1,0.328,4,3,0
David Bote,109,3,0.306,13,13,1
Victor Caratini,185,4,0.319,20,19,1
Austin Barnes,390,9,0.326,45,38,5
Jonathan Villar,560,16,0.312,70,49,33
Jacoby Ellsbury,70,1,0.327,9,6,3
Phillip Ervin,122,4,0.306,15,13,4
Chris Davis,567,25,0.3,61,69,2
Willy Adames,616,14,0.317,68,63,9
Austin Slater,431,7,0.323,47,40,6
Tim Beckham,207,7,0.3,23,23,2
Tim Anderson,620,19,0.295,74,66,20
Jason Castro,411,12,0.313,47,42,2
Isiah Kiner-Falefa,245,3,0.326,27,22,5
Adam Duvall,211,9,0.284,24,28,2
Byron Buxton,519,16,0.3,67,51,18
Curt Casali,13,0,0.308,1,1,0
Nick Solak,14,0,0.318,2,1,0
Ben Gamel,121,2,0.322,14,11,2
Jose Pirela,50,1,0.308,6,5,1
Mikie Mahtook,342,11,0.301,39,37,5
Harrison Bader,585,19,0.302,70,63,13
Josh Fuentes,29,1,0.3,3,3,0
Tommy La Stella,195,3,0.325,21,19,1
Jon Jay,177,1,0.335,19,14,2
Cedric Mullins II,607,15,0.305,66,57,15
Joey Rickard,425,10,0.313,45,39,8
Alex Blandino,65,2,0.312,7,7,1
Jonathan Lucroy,383,7,0.318,42,38,2
Joey Wendle,519,9,0.308,56,54,10
Adalberto Mondesi,631,21,0.287,80,64,35
Austin Allen,13,0,0.3,1,2,0
Cory Spangenberg,80,2,0.305,10,8,1
Austin Hedges,305,13,0.281,34,40,2
Jordy Mercer,479,10,0.315,48,50,2
Brandon Drury,362,9,0.304,39,37,2
Austin Hays,47,2,0.288,5,5,0
Taylor Ward,105,3,0.312,12,11,1
Dustin Fowler,131,3,0.29,16,13,4
Ramon Urias,28,1,0.306,3,3,0
Jose Rondon,143,5,0.292,16,15,3
Jake Marisnick,211,9,0.286,27,25,7
Mallex Smith,634,5,0.328,77,42,38
John Hicks,359,11,0.296,39,38,3
Nick Martini,283,4,0.326,31,23,2
Pablo Sandoval,57,2,0.302,6,7,0
D.J. Stewart,398,12,0.308,43,38,8
Sam Travis,7,0,0.31,1,1,0
Pablo Reyes,147,3,0.305,17,15,4
Bradley Zimmer,175,5,0.303,22,18,6
Chris Young,210,7,0.295,24,23,2
Cameron Maybin,119,2,0.323,14,9,4
Manny Pina,102,3,0.3,11,11,1
Austin Dean,390,8,0.304,39,37,2
Travis Jankowski,100,1,0.329,12,7,5
Christian Arroyo,35,1,0.307,4,4,0
Garrett Cooper,209,5,0.305,20,21,1
Kevin Kramer,99,2,0.302,11,10,1
Scott Heineman,14,0,0.307,2,1,0
Hernan Perez,280,8,0.29,32,30,7
Yolmer Sanchez,606,11,0.308,67,53,13
Carlos Gomez,49,2,0.297,6,5,1
Greg Garcia,178,2,0.329,19,14,2
Franklin Barreto,207,7,0.287,24,23,4
Andrew Knizner,32,1,0.309,3,3,0
Drew Ferguson,91,1,0.319,10,8,2
Derek Fisher,70,2,0.298,9,8,2
Tim Locastro,14,0,0.312,2,1,0
Justin Williams,14,0,0.297,2,2,0
Tony Wolters,257,3,0.325,28,22,2
Carson Kelly,222,4,0.311,22,22,1
T.J. Rivera,29,1,0.303,3,3,0
Yairo Munoz,263,7,0.298,29,28,5
Chris Owings,393,8,0.3,41,41,11
Keston Hiura,21,0,0.299,2,2,0
Max Stassi,225,8,0.294,26,27,1
Matt Wieters,129,4,0.303,13,14,0
Ke'Bryan Hayes,14,0,0.311,1,1,0
Noel Cuevas,145,3,0.3,16,14,2
Chance Sisco,247,5,0.311,24,22,1
Matt Beaty,7,0,0.307,1,1,0
Renato Nunez,567,21,0.286,57,64,2
J.D. Davis,70,2,0.293,7,8,0
Thairo Estrada,7,0,0.309,1,1,0
Luis Rengifo,21,0,0.312,2,2,1
Guillermo Heredia,138,2,0.321,14,12,2
Corban Joseph,13,0,0.305,1,1,0
Kyle Higashioka,32,1,0.282,4,4,0
Bryan Reynolds,7,0,0.306,1,1,0
David Fletcher,530,7,0.307,58,49,9
Hunter Dozier,577,16,0.294,58,64,5
Brian Goodwin,271,8,0.294,29,29,4
Andrew Toles,116,2,0.297,13,12,2
Jesus Sanchez,7,0,0.293,1,1,0
Greg Allen,420,6,0.317,49,36,17
Patrick Wisdom,69,3,0.282,8,8,1
Albert Pujols,404,16,0.278,43,51,2
Dwight Smith Jr.,55,1,0.307,6,5,1
Dominic Smith,14,0,0.297,1,1,0
Connor Joe,58,1,0.304,6,6,0
Brandon Phillips,70,1,0.3,7,7,1
Domingo Leyba,7,0,0.305,1,1,0
Nick Ahmed,618,17,0.29,66,67,8
Preston Tucker,61,2,0.289,6,7,0
Gerardo Parra,407,5,0.308,42,38,6
Pat Valaika,115,4,0.278,13,13,1
Tzu-Wei Lin,14,0,0.304,2,1,0
Michael A. Taylor,236,7,0.29,29,26,9
Kevan Smith,191,3,0.305,20,19,1
Jace Peterson,70,1,0.32,8,5,2
Jose Reyes,140,3,0.302,16,13,4
Jose Iglesias,141,2,0.304,16,13,3
Martin Prado,325,3,0.313,31,27,2
Ehire Adrianza,41,1,0.303,5,4,1
Jonathan Davis,34,1,0.303,4,3,1
Anthony Santander,54,2,0.286,5,6,0
Kyle Farmer,164,3,0.292,17,18,1
Zack Granite,83,1,0.315,9,6,3
Reese McGuire,94,2,0.298,10,9,1
Leury Garcia,245,4,0.3,27,21,8
Freddy Galvis,410,10,0.292,45,39,7
Austin Jackson,175,3,0.306,19,15,2
Dalton Pompey,14,0,0.299,2,1,0
Mac Williamson,528,16,0.292,54,58,4
Tom Murphy,64,2,0.271,7,8,0
Marco Hernandez,7,0,0.293,1,1,0
James McCann,187,5,0.29,18,19,1
J.P. Crawford,482,10,0.308,50,42,6
Chris Herrmann,158,4,0.3,17,15,1
Meibrys Viloria,248,5,0.298,23,24,2
Zack Collins,13,0,0.303,1,1,0
Christian Vazquez,387,5,0.305,42,38,5
Kevin Cron,64,2,0.277,6,8,0
Austin Romine,129,3,0.29,14,14,1
Dee Gordon,634,4,0.308,77,45,41
Shed Long,14,0,0.297,1,1,0
Amed Rosario,632,11,0.295,70,55,20
Troy Stokes Jr.,14,0,0.291,2,1,0
Rio Ruiz,162,4,0.295,15,16,1
Matt Thaiss,35,1,0.296,4,3,0
Joey Curletta,41,1,0.293,4,5,0
Jason Martin,21,1,0.288,2,2,0
Miguel Rojas,261,4,0.305,25,22,3
Seby Zavala,18,1,0.284,2,2,0
Gordon Beckham,14,0,0.303,1,1,0
Rene Rivera,95,3,0.282,9,11,0
Garrett Stubbs,32,0,0.305,3,3,0
Michael Hermosillo,181,5,0.295,21,16,5
Carlos Tocci,55,1,0.303,6,5,1
Ildemaro Vargas,69,1,0.299,7,6,1
Andrew Knapp,97,2,0.299,10,10,1
Edwin Rios,7,0,0.281,1,1,0
Roberto Perez,288,7,0.3,31,26,3
Ronny Rodriguez,82,2,0.279,9,8,1
Nick Gordon,21,0,0.298,2,2,0
Socrates Brito,185,4,0.284,20,18,3
Spencer Kieboom,13,0,0.301,1,1,0
Alen Hanson,56,1,0.283,7,5,2
Josh Phegley,378,10,0.285,38,39,2
Blake Swihart,135,3,0.295,15,13,2
John Ryan Murphy,110,3,0.278,11,12,0
Breyvic Valera,35,0,0.306,3,3,1
Braden Bishop,14,0,0.306,1,1,0
Tyler Wade,7,0,0.302,1,1,0
Steven Duggar,520,7,0.3,54,43,11
Mauricio Dubon,49,1,0.291,5,4,1
Brandon Dixon,96,3,0.276,10,10,2
Yu Chang,7,0,0.284,1,1,0
JaCoby Jones,547,14,0.283,62,50,14
Lewis Brinson,579,17,0.278,58,58,8
Charlie Culberson,166,4,0.284,18,18,2
Edward Olivares,7,0,0.283,1,1,0
Luis Torrens,13,0,0.296,1,1,0
Grayson Greiner,469,10,0.294,46,43,2
Jarrod Dyson,260,2,0.312,32,14,16
Roman Quinn,262,4,0.297,31,20,12
Wilmer Difo,179,3,0.299,19,17,4
Nick Dini,62,1,0.287,6,6,1
Jose Lobaton,19,0,0.297,2,2,0
Jacob Nottingham,6,0,0.279,1,1,0
Tyrone Taylor,42,1,0.278,4,4,1
Abiatal Avelino,21,0,0.288,2,2,0
Kevin Newman,286,3,0.3,28,26,6
Kelvin Gutierrez,7,0,0.292,1,1,0
Dawel Lugo,14,0,0.286,1,1,0
David Freitas,170,3,0.294,16,17,1
Luis Guillorme,43,0,0.313,4,3,0
Dylan Cozens,29,1,0.271,3,4,0
Raffy Lopez,34,1,0.281,3,4,0
Jason Vosler,7,0,0.279,1,1,0
Jacob Stallings,32,1,0.287,3,3,0
Willi Castro,34,1,0.285,4,3,1
Luis Alexander Basabe,20,0,0.287,2,2,0
Erik Kratz,51,2,0.274,5,6,0
Martin Maldonado,320,8,0.286,32,31,2
Juan Lagares,271,4,0.29,27,23,5
Taylor Davis,13,0,0.297,1,1,0
Scott Kingery,344,9,0.279,36,35,8
Drew Robinson,65,2,0.281,7,7,1
Michael Perez,164,3,0.285,15,17,1
Tyler Saladino,86,2,0.287,9,8,2
Cam Gallagher,310,5,0.293,27,30,1
Edmundo Sosa,21,0,0.286,2,2,0
Victor Reyes,191,2,0.293,20,16,5
Raudy Read,6,0,0.279,1,1,0
J.T. Riddle,477,10,0.285,44,42,3
Orlando Arcia,561,11,0.287,59,53,12
Cole Tucker,35,0,0.296,4,3,1
Oscar Mercado,70,1,0.292,8,6,3
Austin Wynns,370,8,0.288,34,33,1
Ronald Torreyes,48,0,0.297,5,4,0
Jeff Mathis,380,8,0.287,38,36,2
Lane Thomas,14,0,0.279,2,1,0
Eric Haase,32,1,0.266,3,4,0
Dylan Moore,172,4,0.288,17,16,4
Brett Phillips,475,12,0.282,47,45,7
Sandy Leon,194,4,0.285,20,20,1
Alex Jackson,13,0,0.272,1,2,0
Richard Urena,82,2,0.278,8,8,1
Billy Hamilton,577,5,0.299,68,35,44
Drew Jackson,169,4,0.291,17,13,4
Rosell Herrera,117,2,0.295,11,8,3
Isan Diaz,7,0,0.286,1,1,0
Anthony Alford,68,1,0.29,7,5,2
Sam Hilliard,7,0,0.284,1,1,0
Ryder Jones,7,0,0.278,1,1,0
Mitch Walding,79,2,0.282,8,8,0
Aramis Garcia,32,1,0.27,3,3,0
Pedro Severino,6,0,0.279,1,1,0
Adeiny Hechavarria,50,1,0.283,5,5,0
Luis Barrera,7,0,0.289,1,1,0
Jose Trevino,127,2,0.278,12,13,0
Erik Gonzalez,454,10,0.271,47,44,8
Hanser Alberto,47,1,0.278,4,4,0
Chris Shaw,119,3,0.267,11,13,0
Jorge Alfaro,499,12,0.276,45,47,3
Sergio Alcantara,48,0,0.297,5,4,1
Peter O'Brien,375,16,0.258,36,44,1
Andrew Stevenson,72,1,0.289,8,6,2
Richie Martin,202,3,0.291,19,15,4
Adolis Garcia,21,1,0.262,2,2,0
Jose Briceno,64,2,0.259,7,7,1
Jose Siri,14,0,0.258,2,1,0
Skye Bolt,7,0,0.279,1,1,0
Ryan Cordell,34,1,0.267,3,3,1
Andrew Velazquez,14,0,0.275,1,1,0
Luke Maile,94,2,0.277,9,8,1
Caleb Joseph,32,1,0.274,3,3,0
Beau Taylor,32,0,0.291,3,2,0
Alcides Escobar,236,3,0.28,21,18,4
Kaleb Cowart,14,0,0.274,1,1,0
Nick Ciuffo,26,0,0.273,2,2,0
Adam Engel,497,10,0.272,53,36,18
Chad Wallach,125,3,0.276,11,10,1
Steve Wilkerson,169,3,0.28,15,13,2
Eric Stamets,14,0,0.269,1,1,0
Tomas Nido,13,0,0.267,1,1,0
Keon Broxton,363,11,0.265,41,32,13
Andrew Romine,525,5,0.286,51,37,9
Bobby Wilson,125,3,0.27,11,11,1
Arquimedes Gamboa,7,0,0.275,1,1,0
Blake Trahan,14,0,0.283,1,1,0
Jorge Mateo,14,0,0.263,2,1,1
Adrian Sanchez,51,1,0.271,5,5,1
Rajai Davis,21,0,0.267,2,1,1
Magneuris Sierra,69,1,0.272,6,4,2
Rocky Gale,6,0,0.269,1,1,0
Jhonatan Solano,320,4,0.267,28,27,1
Kristopher Negron,28,1,0.261,3,2,0
Monte Harrison,14,0,0.257,1,1,0
Terrance Gore,7,0,0.277,1,0,0
Ichiro Suzuki,7,0,0.257,1,0,0
Javier Guerra,14,0,0.239,1,1,0
Michael Lorenzen,15,0,0.168,1,0,0
Chris Sale,204,2.48,296,0,18,0.92
Edwin Diaz,65,2.53,90,0,3,0.99
Aroldis Chapman,65,2.5,97,0,4,1.06
Dellin Betances,75,2.87,117,0,4,1.15
Jacob deGrom,211,2.6,264,0,16,1
Josh Hader,80,2.59,119,0,4,1.08
Corey Knebel,65,2.76,94,0,3,1.09
Sean Doolittle,65,2.82,84,0,3,0.96
Will Smith,65,3.28,81,0,3,1.21
Joe Jimenez,65,2.94,78,0,3,1.08
Luis Severino,196,2.99,231,0,16,1.07
Craig Kimbrel,65,2.81,94,0,4,1.05
Diego Castillo,60,2.93,69,0,3,1.1
Brad Hand,70,3.02,91,0,3,1.1
Keone Kela,60,3.05,74,0,3,1.14
Liam Hendriks,30,3.44,34,0,1,1.14
Trevor Hildenberger,50,3.27,49,0,3,1.13
Blake Treinen,70,3.14,75,0,3,1.21
Jeurys Familia,65,3.14,68,0,3,1.21
Trevor Rosenthal,65,3.31,87,0,3,1.29
Taylor Rogers,60,3.52,61,0,3,1.26
Kenley Jansen,65,3.1,77,0,4,0.99
Jose Castillo,25,3.22,29,0,1,1.23
Noah Syndergaard,177,3.2,185,0,12,1.14
Felipe Vazquez,65,3.3,72,0,3,1.23
Chad Green,70,3.58,88,0,4,1.23
Carson Smith,10,3.38,10,0,1,1.27
Gerrit Cole,198,3.27,252,0,15,1.11
James Paxton,171,3.18,207,0,14,1.11
Max Scherzer,210,3.02,288,0,16,1
Corey Kluber,211,3.15,238,0,16,1.02
Blake Snell,190,3.12,237,0,14,1.15
Cole Sulser,20,3.55,26,0,1,1.25
Trevor Bauer,191,3.23,229,0,14,1.12
Carlos Carrasco,194,3.26,231,0,14,1.07
Matt Barnes,65,3.57,86,0,3,1.28
Tyler Olson,50,3.49,60,0,2,1.25
Adam Ottavino,65,3.31,90,0,4,1.18
Aaron Nola,189,3.2,208,0,13,1.11
David Paulino,50,3.36,57,0,2,1.16
A.J. Minter,65,3.37,73,0,3,1.2
Tanner Anderson,10,3.18,7,0,0,1.24
Jeremy Jeffress,65,3.35,67,0,3,1.24
Justin Verlander,204,3.14,263,0,16,1.02
J.B. Wendelken,50,3.6,61,0,2,1.19
David Robertson,65,3.36,82,0,3,1.17
Trevor Gott,25,3.53,24,0,1,1.31
Roberto Osuna,65,3.39,69,0,4,1.07
Jose Alvarado,60,2.88,71,0,3,1.32
Joakim Soria,65,3.37,70,0,3,1.2
Ryan Pressly,65,3.47,78,0,3,1.19
Tony Watson,65,3.24,60,0,3,1.12
Andrew Chafin,55,3.52,56,0,2,1.32
Andrew Miller,60,3.35,67,0,3,1.18
Dillon Maples,10,3.26,14,0,0,1.43
Jake Diekman,55,3.42,62,0,2,1.31
Clayton Kershaw,144,3.09,142,0,11,1.05
Jonathan Holder,50,3.48,51,0,3,1.14
Alex Claudio,45,3.27,30,0,2,1.19
Danny Salazar,68,3.47,90,0,4,1.2
Drew Steckenrider,65,3.23,77,0,2,1.25
Mark Melancon,65,3.55,51,0,3,1.24
Shane Bieber,141,3.62,133,0,10,1.12
Lou Trivino,70,3.34,73,0,3,1.3
Darren O'Day,55,3.39,65,0,3,1.11
Ty Buttrey,60,3.42,71,0,3,1.28
Shawn Armstrong,60,3.45,78,0,3,1.3
Archie Bradley,70,3.54,73,0,3,1.28
Ken Giles,65,3.84,71,0,3,1.24
Kirby Yates,65,3.65,88,0,3,1.21
Walker Buehler,161,3.19,177,0,12,1.14
Zach Britton,60,3.21,52,0,3,1.29
Paul Fry,65,3.61,73,0,2,1.39
Hector Rondon,55,3.57,58,0,3,1.17
Sam Dyson,60,3.66,47,0,2,1.3
Edubray Ramos,20,3.58,20,0,1,1.2
Drew VerHagen,30,3.64,30,0,1,1.3
Wade Davis,65,3.85,75,0,3,1.31
Carl Edwards Jr.,60,3.19,75,0,3,1.33
Charlie Morton,151,3.37,177,0,10,1.2
Brendan McCurry,10,3.62,11,0,1,1.2
Daniel Stumpf,50,3.69,51,0,2,1.26
Donnie Hart,25,3.69,22,0,1,1.32
Dylan Floro,50,3.88,38,0,3,1.31
Ryan Madson,50,3.51,49,0,3,1.18
Silvino Bracho,50,3.67,61,0,2,1.18
Nick Rumbelow,10,3.48,11,0,0,1.17
Blaine Hardy,30,3.6,28,0,1,1.19
Justin Wilson,40,3.32,47,0,2,1.21
Tim Mayza,50,3.88,60,0,2,1.39
Stephen Strasburg,173,3.53,201,0,12,1.16
Will Harris,65,3.63,69,0,3,1.19
Chris Paddack,93,3.59,93,0,6,1.15
Steven Okert,10,3.96,11,0,0,1.31
Alex Colome,60,3.87,58,0,3,1.28
Michael Pineda,139,3.69,144,0,10,1.18
Patrick Corbin,180,3.63,200,0,12,1.21
Mychal Givens,65,3.66,68,0,3,1.23
Giovanny Gallegos,20,3.76,23,0,1,1.19
Zac Rosscup,30,3.51,39,0,1,1.22
A.J. Puk,56,3.45,60,0,4,1.21
Joe Smith,40,3.46,39,0,2,1.16
Ross Stripling,95,3.58,95,0,6,1.16
Ruben Alaniz,60,3.76,65,0,3,1.36
Jose Leclerc,65,3.35,92,0,3,1.31
Craig Stammen,75,3.87,75,0,3,1.27
Nick Wittgren,10,3.91,9,0,0,1.21
Caleb Ferguson,78,3.41,83,0,5,1.26
Chaz Roe,50,3.77,58,0,2,1.28
Dan Otero,50,3.84,35,0,2,1.23
Nathan Eovaldi,156,3.66,149,0,11,1.2
Arodys Vizcaino,65,3.74,66,0,3,1.27
JT Chargois,30,3.54,30,0,2,1.29
Austen Williams,20,3.97,21,0,1,1.34
Zack Littell,29,3.89,27,0,2,1.31
Hector Neris,40,3.74,53,0,2,1.21
Jacob Rhame,20,3.44,22,0,1,1.15
Eduardo Rodriguez,138,3.58,152,0,10,1.19
Scott Alexander,50,3.37,42,0,3,1.3
Oliver Perez,40,3.88,47,0,2,1.25
Chris Martin,50,4.08,49,0,2,1.28
Grant Dayton,15,4.01,18,0,1,1.28
Tyler Duffey,20,3.84,19,0,1,1.26
Chris Devenski,50,3.88,56,0,3,1.19
Luis Avilan,10,3.53,10,0,0,1.26
Fernando Romero,63,3.69,55,0,4,1.3
Spencer Turnbull,34,3.77,34,0,2,1.34
Jimmie Sherfy,45,3.61,55,0,2,1.25
Kenta Maeda,132,3.63,145,0,9,1.18
Matt Grace,50,4.03,40,0,2,1.39
Ryne Stanek,40,3.55,51,0,2,1.27
Tanner Scott,45,3.41,56,0,2,1.5
Yoshihisa Hirano,60,3.69,55,0,3,1.29
Joey Krehbiel,35,3.73,41,0,2,1.32
Seranthony Dominguez,65,3.42,80,0,3,1.28
Robert Gsellman,60,3.61,48,0,2,1.29
Luke Gregerson,50,3.72,44,0,2,1.23
Tyler Glasnow,139,3.62,166,0,9,1.24
Jack Flaherty,168,3.56,188,0,11,1.19
Ryan Dull,30,3.53,31,0,1,1.12
Pedro Strop,65,3.42,61,0,3,1.24
Trevor May,65,4.2,78,0,3,1.34
Nick Goody,30,3.74,36,0,1,1.17
Michael Fulmer,172,3.59,156,0,10,1.18
Aaron Loup,25,4.12,24,0,1,1.37
Alex Reyes,111,3.55,122,0,7,1.24
Jose Berrios,191,3.58,201,0,13,1.16
Jon Edwards,40,3.81,52,0,2,1.32
Hunter Wood,20,3.52,23,0,1,1.19
Masahiro Tanaka,152,3.59,159,0,12,1.13
Collin McHugh,151,3.72,165,0,11,1.18
Austin Adams,20,3.64,27,0,1,1.47
Heath Hembree,60,3.97,66,0,3,1.23
John Brebbia,50,4,54,0,2,1.23
Shane Greene,65,4.35,67,0,3,1.37
Josh Taylor,10,4.36,10,0,0,1.47
Nate Jones,60,3.81,60,0,3,1.24
German Marquez,190,4.16,205,0,12,1.29
Kyle Bird,40,3.87,42,0,2,1.32
Adam Cimber,60,3.69,49,0,3,1.18
Kelvin Herrera,65,3.83,62,0,3,1.22
Steve Cishek,50,3.82,50,0,2,1.3
D.J. Johnson,20,4.44,23,0,1,1.5
Josh Sborz,10,3.61,11,0,1,1.29
Joel Payamps,10,4,9,0,0,1.33
Adalberto Mejia,63,3.91,58,0,3,1.31
Juan Minaya,45,3.94,51,0,2,1.33
Jesus Luzardo,112,3.61,107,0,7,1.2
Trent Thornton,39,4.22,38,0,2,1.29
Dallas Keuchel,170,3.48,126,0,12,1.26
Sam Coonrod,10,3.88,10,0,0,1.37
Joe Kelly,65,3.77,61,0,3,1.31
Jameson Taillon,190,3.87,176,0,11,1.23
Robbie Ray,177,3.86,225,0,10,1.32
Chris Archer,188,3.93,207,0,11,1.26
Zack Wheeler,173,3.54,172,0,11,1.23
Joshua James,130,3.81,151,0,9,1.27
Domingo German,38,3.77,42,0,3,1.22
Jon Gray,148,4.21,151,0,9,1.31
Cam Bedrosian,50,3.97,48,0,2,1.34
Dakota Hudson,69,3.64,52,0,3,1.4
Scott Oberg,60,4.03,55,0,3,1.35
Tommy Kahnle,40,3.82,49,0,2,1.31
Koda Glover,40,3.91,36,0,2,1.25
Mike Clevinger,170,3.85,188,0,11,1.23
Carlos Martinez,138,3.59,126,0,8,1.28
Kyle Zimmer,20,4.11,22,0,1,1.35
Anthony Swarzak,65,3.96,69,0,3,1.25
Sam Tuivailala,25,3.97,25,0,1,1.34
Reymin Guduan,25,3.96,31,0,1,1.48
Jordan Hicks,60,3.45,52,0,3,1.41
Miles Mikolas,200,3.77,154,0,13,1.18
Justin Miller,50,3.94,55,0,2,1.23
Sergio Romo,65,3.7,65,0,2,1.16
Michael Feliz,40,4.18,42,0,2,1.33
Tyler Webb,20,4.01,21,0,1,1.31
Zack Greinke,203,3.82,196,0,12,1.2
Carlos Estevez,20,4.3,20,0,1,1.39
Marcus Stroman,173,3.81,138,0,10,1.31
Fernando Rodney,40,3.88,41,0,2,1.37
David Price,193,3.83,199,0,13,1.22
Michael Soroka,65,3.99,54,0,4,1.26
Tim Peterson,40,3.85,46,0,2,1.18
Jimmy Nelson,112,3.79,117,0,7,1.26
Luke Jackson,25,4.27,28,0,1,1.46
Alex Wilson,10,4.14,8,0,0,1.26
James Pazos,40,3.87,38,0,2,1.38
Kyle Barraclough,55,3.87,61,0,3,1.42
Cody Allen,65,3.81,74,0,3,1.21
Brent Honeywell,75,3.85,75,0,5,1.17
Greg Holland,65,4.02,66,0,3,1.37
Matt Strahm,75,3.87,86,0,3,1.25
Blake Parker,65,4.01,70,0,3,1.23
Manny Banuelos,10,4.02,12,0,0,1.46
Yoan Lopez,35,3.9,42,0,2,1.32
Tyler Skaggs,158,3.8,154,0,10,1.24
Tyler Kinley,50,3.85,56,0,2,1.36
Matt Hall,76,4.01,74,0,4,1.36
Tony Cingrani,40,3.62,46,0,2,1.27
Hyun-Jin Ryu,129,3.85,126,0,9,1.25
Richard Rodriguez,60,3.97,68,0,3,1.24
Jerry Blevins,25,3.77,26,0,1,1.25
Tim Hill,50,3.89,46,0,2,1.37
Emilio Pagan,40,3.83,45,0,2,1.18
Xavier Cedeno,10,4.14,9,0,0,1.39
Pablo Lopez,47,3.81,37,0,2,1.21
Paul Sewald,20,4.04,19,0,1,1.27
Brandon Brennan,20,4.2,20,0,1,1.45
Adam Kolarek,40,3.86,37,0,2,1.43
Austin Pruitt,40,4.35,36,0,2,1.32
AJ Ramos,50,3.67,53,0,3,1.27
Rich Hill,159,3.69,175,0,11,1.19
Pat Neshek,55,3.95,50,0,3,1.17
Jesse Hahn,10,3.98,8,0,0,1.4
Mike Foltynewicz,187,3.91,201,0,12,1.25
Merrill Kelly,69,4.21,65,0,3,1.32
Pedro Baez,50,3.92,50,0,3,1.23
Neil Ramirez,50,4.23,65,0,2,1.31
Chasen Shreve,30,3.95,32,0,1,1.35
Robby Scott,10,3.91,10,0,0,1.28
Julio Urias,92,3.88,92,0,6,1.33
Cory Gearrin,50,4.11,48,0,2,1.34
Jesse Biddle,40,4.08,42,0,2,1.43
Juan Nicasio,40,4.35,44,0,2,1.34
Brad Peacock,78,4.07,95,0,5,1.28
Matt Bowman,20,4.38,19,0,1,1.43
Yu Darvish,138,3.95,158,0,8,1.25
Dan Altavilla,20,3.96,23,0,1,1.34
Ryan Buchter,50,3.68,52,0,2,1.25
Jose Alvarez,40,4.24,36,0,2,1.34
Ryan Tepera,65,4.26,72,0,3,1.35
Luke Weaver,132,4.22,122,0,7,1.33
Wilmer Font,59,4,64,0,3,1.24
Raisel Iglesias,65,3.99,70,0,3,1.25
Kevin McCarthy,45,3.91,30,0,2,1.31
Steven Brault,40,3.85,36,0,2,1.39
Max Fried,34,4.06,36,0,2,1.42
Erasmo Ramirez,10,4.04,9,0,1,1.22
Addison Reed,60,4.18,51,0,3,1.22
Alex Wood,139,4.01,125,0,8,1.26
Jose Lopez,10,4.34,9,0,0,1.4
Dan Jennings,25,3.85,19,0,1,1.36
Sammy Solis,40,4.26,42,0,2,1.42
Miguel Diaz,20,3.92,20,0,1,1.33
Dominic Leone,40,4.05,37,0,2,1.33
Andrew Heaney,173,3.87,175,0,11,1.2
Kyle Gibson,193,3.97,180,0,13,1.35
Yonny Chirinos,114,4.01,96,0,7,1.22
J.A. Happ,167,3.82,172,0,12,1.22
Cody Anderson,29,4.17,28,0,2,1.29
Forrest Whitley,47,3.92,50,0,3,1.24
Nick Pivetta,169,3.98,185,0,10,1.26
Evan Phillips,35,4,39,0,1,1.37
Rick Porcello,192,4,181,0,13,1.19
Chandler Shepherd,20,4.31,18,0,1,1.32
Jacob Waguespack,19,4.4,17,0,1,1.43
Seung Hwan Oh,65,4.43,64,0,3,1.3
Noe Ramirez,30,4.13,33,0,1,1.31
Kyle Hendricks,193,3.92,155,0,12,1.24
Williams Jerez,30,4.08,32,0,1,1.39
Brad Keller,161,3.98,121,0,8,1.35
Glenn Sparkman,39,4.26,29,0,2,1.32
Chasen Bradford,40,4.43,30,0,2,1.35
Dane Dunning,37,4.03,35,0,2,1.29
Martin Perez,123,4.06,86,0,8,1.35
Matt Albers,60,3.93,55,0,3,1.22
Erik Swanson,57,3.99,57,0,3,1.22
Zack Godley,178,4.09,174,0,10,1.36
Victor Alcantara,40,4.19,36,0,2,1.46
Brad Boxberger,60,4.15,71,0,2,1.35
T.J. McFarland,35,4.34,20,0,1,1.47
Marco Gonzales,179,4.08,155,0,10,1.26
Taylor Cole,59,4.24,63,0,3,1.39
Jose Quintana,188,4.17,169,0,11,1.33
Ty Blach,53,4.33,32,0,2,1.39
Joe Musgrove,161,4.08,141,0,9,1.23
Andrew Suarez,93,4.31,75,0,5,1.35
Yimi Garcia,20,4.06,19,0,1,1.18
Brett Anderson,66,4.06,44,0,4,1.33
Sonny Gray,154,3.96,145,0,9,1.3
Grant Holmes,19,3.97,19,0,1,1.34
Wes Parsons,24,4.18,21,0,1,1.34
Adam Morgan,45,4.36,44,0,2,1.34
Luis Garcia,40,4.08,38,0,2,1.4
Hunter Strickland,40,4.06,37,0,2,1.26
David Phelps,40,4.45,43,0,2,1.38
Tyler Lyons,10,4.48,10,0,0,1.33
Chih-Wei Hu,29,4.22,26,0,2,1.28
Marcus Walden,50,4.46,41,0,2,1.48
Jake Arrieta,180,3.84,159,0,11,1.25
Yusei Kikuchi,141,3.95,138,0,8,1.25
Caleb Smith,141,3.98,144,0,7,1.26
Dan Winkler,40,4.21,42,0,2,1.27
Freddy Peralta,74,3.92,89,0,5,1.28
Trevor Richards,132,4.04,121,0,6,1.25
Jake Petricka,20,4.59,16,0,1,1.47
Jordan Montgomery,27,3.91,25,0,2,1.25
Kyle Freeland,192,4.17,155,0,12,1.35
Kyle Ryan,20,4.17,18,0,1,1.44
Jacob Barnes,30,4.2,28,0,1,1.35
Brian Flynn,40,4.66,30,0,1,1.49
Yacksel Rios,20,4.05,21,0,1,1.35
Bryan Shaw,50,4.61,43,0,2,1.44
Jefry Rodriguez,10,4.15,10,0,0,1.44
Adam Warren,50,4.25,45,0,3,1.33
Reed Garrett,25,4.19,25,0,1,1.4
Chris Bassitt,91,4.11,78,0,5,1.33
Bud Norris,50,4.62,55,0,2,1.39
Wily Peralta,55,4.44,51,0,2,1.46
Adam Conley,60,4.18,49,0,2,1.44
Dylan Cease,28,4.09,30,0,2,1.34
Andrew Triggs,19,4.03,17,0,1,1.27
Matt Belisle,50,4.43,39,0,3,1.38
Daniel Hudson,9,4.03,9,0,0,1.3
Joey Lucchesi,169,4.17,167,0,10,1.29
Pierce Johnson,40,4.18,44,0,2,1.42
Kevin Gausman,170,4.22,155,0,10,1.3
Sean Manaea,28,3.9,22,0,2,1.21
Brandon Kintzler,40,4.64,27,0,2,1.44
Genesis Cabrera,10,3.99,10,0,0,1.39
Luiz Gohara,19,4.28,18,0,1,1.31
Walker Lockett,48,3.97,39,0,2,1.25
Brett Cecil,40,4.52,30,0,2,1.39
Tony Barnette,40,4.36,38,0,2,1.37
Sam Freeman,30,3.98,30,0,1,1.45
Yusmeiro Petit,60,4.34,54,0,3,1.23
Brock Stewart,29,4.05,26,0,2,1.28
Corbin Burnes,75,4.06,67,0,5,1.27
Danny Duffy,180,4.04,164,0,9,1.26
Framber Valdez,46,4.02,44,0,3,1.4
Wander Suero,25,4.25,24,0,1,1.35
Brandon Woodruff,138,4.04,128,0,9,1.29
Adrian Houser,49,4.31,43,0,2,1.4
Jared Hughes,65,4.21,51,0,3,1.36
Josh Fields,40,4.15,37,0,2,1.26
Matt Andriese,95,4.41,84,0,5,1.32
Jonny Venters,50,4.24,43,0,2,1.51
Gio Gonzalez,112,4.09,99,0,7,1.37
Shane Carle,30,4.7,24,0,1,1.41
Michael Wacha,131,4.22,111,0,8,1.36
Steven Matz,166,4.03,151,0,10,1.29
Daniel Norris,113,4.42,109,0,6,1.35
Dinelson Lamet,65,4.2,73,0,4,1.32
Matt Wisler,30,4.69,27,0,1,1.37
Jeanmar Gomez,10,4.49,8,0,0,1.36
Buck Farmer,60,4.75,56,0,3,1.45
Austin Brice,20,4.18,19,0,1,1.39
Aaron Wilkerson,39,4.28,39,0,2,1.32
Blake Wood,50,4.54,49,0,3,1.47
Vince Velasquez,150,4.2,162,0,9,1.31
Logan Allen,47,4.39,42,0,3,1.37
Tyson Ross,92,4.21,80,0,5,1.36
Drew Gagnon,30,4.33,33,0,1,1.42
Zach McAllister,25,4.7,23,0,1,1.38
Gabriel Ynoa,20,4.5,15,0,1,1.37
Sean Newcomb,178,4.21,179,0,11,1.4
Zach Davies,160,4.18,120,0,10,1.31
Conner Greene,20,4.19,17,0,1,1.52
Adam Plutko,30,4.29,29,0,1,1.28
Paul Blackburn,28,4.02,18,0,2,1.29
Madison Bumgarner,202,4.07,165,0,11,1.22
Joe Biagini,50,4.75,39,0,2,1.45
Jake McGee,50,4.61,45,0,2,1.38
Seth Lugo,60,4.4,59,0,2,1.34
Zach Eflin,148,4.23,129,0,9,1.25
John Gant,68,4.35,60,0,3,1.42
Taijuan Walker,74,4.26,67,0,4,1.34
J.B. Bukauskas,28,4.1,27,0,2,1.3
Jakob Junis,182,4.22,168,0,9,1.22
Mike Mayers,25,4.74,23,0,1,1.49
Trevor Cahill,119,4.09,118,0,7,1.33
Matthew Boyd,169,4.12,161,0,9,1.22
Tyler Anderson,157,4.47,145,0,9,1.34
Jake Odorizzi,165,4.15,165,0,11,1.28
Luis Castillo,168,4.26,166,0,10,1.28
Erick Fedde,56,4.46,47,0,3,1.38
Chris Lee,10,4.44,8,0,0,1.58
Carlos Rodon,162,4.25,156,0,9,1.37
Adam Wainwright,142,4.4,116,0,8,1.39
David Hernandez,60,4.42,60,0,3,1.29
Ryan Yarbrough,114,4.28,97,0,6,1.28
Lance Lynn,140,4.21,135,0,8,1.38
Tommy Hunter,55,4.43,47,0,3,1.29
Kyle Crick,50,4.32,56,0,2,1.6
Cole Hamels,173,4.29,169,0,10,1.34
Jose De Leon,46,4.13,48,0,3,1.23
Scott Blewett,10,4.6,8,0,0,1.45
Connor Sadzeck,50,4.37,54,0,2,1.47
Kohl Stewart,9,4.46,7,0,1,1.45
Antonio Senzatela,169,4.49,131,0,10,1.37
Frankie Montas,123,4.33,101,0,7,1.36
Luis Cessa,43,4.45,38,0,3,1.36
Nick Neidert,9,4.24,7,0,0,1.26
CC Sabathia,120,4.13,105,0,8,1.31
Scott Barlow,29,4.45,30,0,1,1.43
Brandon Morrow,55,4.63,51,0,2,1.41
Drew Smyly,131,4.21,133,0,8,1.22
Mike Montgomery,74,4.47,56,0,3,1.46
Luke Farrell,10,4.67,11,0,0,1.43
Chris Stratton,86,4.79,69,0,4,1.48
Mike Minor,168,4.42,160,0,10,1.27
Tony Sipp,50,4.23,50,0,3,1.3
Jesse Chavez,80,4.69,74,0,3,1.36
Joe Ross,56,4.41,46,0,3,1.31
Derek Holland,147,4.49,134,0,7,1.4
Matt Shoemaker,130,4.46,127,0,7,1.31
Josh Staumont,20,4.13,26,0,1,1.62
Hector Velazquez,69,4.72,56,0,3,1.42
Shawn Kelley,40,4.45,41,0,2,1.25
Jordan Lyles,54,4.6,47,0,2,1.41
Amir Garrett,65,4.47,67,0,3,1.47
Brad Brach,45,4.77,41,0,2,1.44
Mike Leake,196,4.27,129,0,11,1.27
Clay Holmes,39,4.34,35,0,2,1.54
John Axford,20,4.72,19,0,1,1.47
Trevor Williams,144,4.41,109,0,8,1.35
Hansel Robles,50,4.47,49,0,2,1.37
Beau Burrows,9,4.52,8,0,0,1.35
Ryan Brasier,65,4.62,68,0,3,1.32
Tayron Guerrero,60,4.21,61,0,2,1.45
Jeff Samardzija,165,4.48,133,0,8,1.28
Sam Gaviglio,49,4.83,42,0,2,1.39
Aaron Sanchez,150,4.32,125,0,8,1.42
Zac Gallen,9,4.29,7,0,0,1.3
Justus Sheffield,130,4.4,119,0,7,1.38
Shelby Miller,113,4.42,104,0,6,1.36
Trevor Oaks,9,4.42,5,0,0,1.35
Sean Reid-Foley,55,4.54,57,0,3,1.37
Sal Romano,29,4.84,23,0,1,1.49
Jordan Romano,68,4.61,62,0,3,1.42
Allen Webster,30,4.82,28,0,2,1.51
Junichi Tazawa,50,4.79,43,0,3,1.39
Dylan Bundy,179,4.47,185,0,8,1.27
Richard Bleier,65,4.66,34,0,2,1.42
Eric Lauer,138,4.55,119,0,8,1.37
Rogelio Armenteros,9,4.36,9,0,1,1.3
Anibal Sanchez,147,4.39,141,0,9,1.27
Robbie Erlin,141,4.67,110,0,8,1.32
Jhoulys Chacin,189,4.24,162,0,12,1.34
Brandon Workman,30,4.87,31,0,1,1.41
Daniel Mengden,84,4.28,59,0,5,1.27
Jharel Cotton,65,4.05,58,0,4,1.2
Reynaldo Lopez,172,4.33,153,0,9,1.32
Ryan Borucki,93,4.47,71,0,5,1.36
Ariel Jurado,38,4.61,23,0,2,1.38
Jaime Schultz,10,4.62,13,0,1,1.57
Daniel Poncedeleon,19,4.37,17,0,1,1.39
Dereck Rodriguez,140,4.53,111,0,7,1.32
Matt Magill,40,4.85,40,0,2,1.51
Wei-Yin Chen,158,4.35,129,0,7,1.3
Jordan Zimmermann,157,4.67,127,0,8,1.29
Dovydas Neverauskas,25,4.58,25,0,1,1.48
Clay Buchholz,112,4.43,93,0,6,1.29
Alex Cobb,178,4.46,126,0,8,1.34
Kyle Wright,9,4.4,7,0,1,1.36
Chris Ellis,66,4.61,57,0,3,1.38
Vidal Nuno,10,4.65,9,0,0,1.32
Jorge Lopez,72,4.66,61,0,3,1.43
Austin Gomber,28,4.48,24,0,2,1.36
Austin Voth,39,4.66,35,0,2,1.45
Nathan Karns,93,4.57,96,0,4,1.36
Luis Perdomo,19,4.73,14,0,1,1.45
Mike Fiers,151,4.36,129,0,9,1.26
Chris Rusin,40,5.1,31,0,2,1.51
Jose Urena,161,4.35,123,0,7,1.34
Ben Lively,28,4.42,21,0,1,1.28
Jon Lester,189,4.63,161,0,10,1.39
Corey Oswalt,19,4.4,15,0,1,1.33
Drew Pomeranz,94,4.42,77,0,5,1.4
Jake Jewell,25,4.77,21,0,1,1.51
Touki Toussaint,84,4.52,82,0,5,1.37
Mike Wright,49,5.12,41,0,2,1.5
Michael Lorenzen,59,4.66,45,0,3,1.44
Ivan Nova,149,4.61,114,0,8,1.32
Julian Merryweather,19,4.79,16,0,1,1.36
Anthony DeSclafani,149,4.74,135,0,8,1.33
Stephen Gonsalves,47,4.48,40,0,3,1.4
Joaquin Benoit,50,4.25,45,0,3,1.31
Josh Osich,10,4.8,8,0,0,1.53
Jalen Beeks,93,4.46,88,0,5,1.34
Tyler Thornburg,50,4.88,53,0,2,1.44
Heath Fillmyer,92,4.61,73,0,4,1.44
Jaime Barria,113,4.28,94,0,7,1.26
Alec Mills,9,4.67,7,0,0,1.38
Jake Faria,28,4.4,25,0,2,1.32
Matt Harvey,157,4.35,130,0,9,1.3
Francisco Liriano,35,4.65,33,0,1,1.53
Domingo Acevedo,9,4.61,8,0,1,1.33
Sandy Alcantara,65,4.5,51,0,3,1.42
Dylan Covey,75,4.51,58,0,4,1.43
Taylor Clarke,19,4.75,15,0,1,1.38
Brady Rodgers,19,4.66,15,0,1,1.35
Jason Vargas,113,4.5,100,0,6,1.3
Brett Kennedy,119,4.8,93,0,6,1.39
Rhiner Cruz,50,4.71,52,0,3,1.47
Chad Bettis,45,5.18,33,0,2,1.52
Brian Duensing,40,4.98,29,0,2,1.51
Sean Gilmartin,10,5.05,8,0,0,1.49
Junior Guerra,50,4.45,49,0,2,1.4
Jarlin Garcia,50,4.71,36,0,2,1.42
Felix Pena,46,4.54,44,0,3,1.33
Matt Moore,92,4.74,76,0,5,1.37
Julio Teheran,159,4.53,147,0,9,1.32
Randall Delgado,60,4.5,53,0,3,1.36
Zach Duke,40,4.88,36,0,2,1.53
Jackson Stephens,10,5.23,9,0,0,1.5
Eric Skoglund,75,4.71,58,0,3,1.36
Tanner Roark,142,4.53,120,0,8,1.34
Mitch Keller,93,4.67,76,0,5,1.39
Peter Moylan,50,4.7,39,0,3,1.49
Tyler Beede,9,4.88,7,0,0,1.49
Jimmy Cordero,20,4.88,18,0,1,1.57
Jorge De La Rosa,50,4.47,44,0,3,1.46
Yovani Gallardo,94,4.69,64,0,5,1.45
Brian Johnson,19,4.57,16,0,1,1.33
Chase Anderson,147,4.51,132,0,9,1.31
Kolby Allard,19,4.79,14,0,1,1.36
Franklyn Kilome,9,4.6,7,0,0,1.41
Aaron Brooks,9,4.62,6,0,1,1.34
Nick Kingham,119,4.77,97,0,6,1.36
Jerad Eickhoff,9,4.69,8,0,0,1.37
Bryan Mitchell,34,5.18,24,0,1,1.57
Mike Dunn,50,5.34,47,0,2,1.57
Chris Flexen,18,4.67,14,0,1,1.4
Jacob Nix,28,4.86,18,0,1,1.37
Steven Wright,69,4.86,53,0,4,1.43
Drew Anderson,19,4.68,17,0,1,1.37
Aaron Slegers,19,4.93,13,0,1,1.41
Jeremy Hellickson,113,4.8,83,0,6,1.35
Cal Quantrill,47,5.17,34,0,2,1.46
Wandy Peralta,30,5.14,23,0,1,1.61
Ian Kennedy,129,4.74,116,0,6,1.33
Wade LeBlanc,140,4.7,110,0,7,1.33
Miguel Castro,45,4.51,31,0,2,1.4
Roenis Elias,59,5.03,51,0,3,1.51
Clayton Richard,113,5.07,82,0,5,1.53
Parker Bridwell,9,4.75,6,0,1,1.35
Felix Hernandez,83,4.56,65,0,4,1.34
Harrison Musgrave,30,5.21,24,0,1,1.51
Marco Estrada,131,4.34,100,0,8,1.24
Dillon Tate,19,4.98,14,0,1,1.44
Dan Straily,158,4.71,139,0,6,1.33
Tyler Chatwood,39,4.7,31,0,2,1.59
Jordan Stephens,9,5.11,8,0,0,1.46
John Means,19,5.11,14,0,1,1.41
Enyel De Los Santos,74,4.85,62,0,4,1.39
Wade Miley,113,4.86,85,0,7,1.49
JC Ramirez,37,4.65,27,0,2,1.36
Hector Santiago,58,4.42,53,0,3,1.34
Yefry Ramirez,38,4.73,36,0,2,1.37
Nick Tropeano,55,4.7,51,0,3,1.35
Ryan Carpenter,37,5.19,30,0,2,1.4
J.T. Brubaker,9,5.08,7,0,0,1.45
Kyle McGowin,19,4.97,16,0,1,1.4
Jimmy Yacabonis,48,4.9,38,0,2,1.5
Bartolo Colon,93,5.11,55,0,5,1.4
Jeff Hoffman,28,5.38,22,0,1,1.53
Jonathan Hernandez,28,5,24,0,1,1.46
Dillon Peters,37,4.84,26,0,2,1.44
Lucas Giolito,138,4.83,111,0,7,1.45
Miguel Gonzalez,190,4.98,123,0,10,1.39
Tommy Milone,9,4.83,8,0,0,1.3
Edinson Volquez,130,5.07,106,0,7,1.5
Thomas Pannone,47,4.93,40,0,2,1.33
Tyler Mahle,75,5.07,67,0,4,1.4
P.J. Conlon,9,4.93,6,0,0,1.37
Edwin Jackson,92,5.09,72,0,5,1.47
Duane Underwood Jr.,9,5.2,7,0,0,1.47
Robert Stephenson,59,5.02,69,0,3,1.54
Cody Reed,56,5.32,50,0,3,1.55
Chance Adams,19,4.85,17,0,1,1.41
Ervin Santana,104,4.86,79,0,5,1.35
Yency Almonte,19,5.38,15,0,1,1.51
Andrew Moore,9,4.88,6,0,0,1.3
Jen-Ho Tseng,9,5.28,6,0,0,1.44
Adbert Alzolay,9,5.1,7,0,0,1.42
Ryan Castellani,19,5.74,12,0,1,1.58
Luis Ortiz,37,5.18,27,0,2,1.44
Andrew Cashner,168,5.24,107,0,7,1.5
Josh Rogers,46,5.19,31,0,2,1.42
Keury Mella,9,5.42,7,0,0,1.48
James Shields,94,5.21,76,0,5,1.45
David Hess,110,5.34,83,0,4,1.45
Lucas Sims,9,5.33,8,0,0,1.43
Yohander Mendez,131,5.21,103,0,7,1.44
Matt Koch,19,5.71,11,0,1,1.51
Brandon Finnegan,15,5.5,14,0,1,1.61
Carson Fulmer,76,5.49,66,0,3,1.6